Index	Label
3401095-ครีมเทียมคอฟฟี่ดรีมมี่ ไขมัน 0% 200 ก.	0
3401123-มอคโคน่า ซีเล็ค ถุง 45 ก.	0
4101044-Hเวเฟอร์เบงเบง รสช็อกโกแลต	4
4400002-แมกนั่ม อัลมอนด์นัทใหม่	8
3300051-ยำยำคัพเต็มๆ รสหมูสับ 60 ก.	2
3300047-ยำยำคัพเต็มๆ รสต้มยำทะเลหม้อไฟ 60 ก.	2
3300030-มาม่า เส้นเล็กรสต้มยำ 55 ก.	3
3300307-มาม่าคัพเส้นเล็ก ต้มยำ 50กรัม	2
3301056-มาม่าคัพ ต้มยำกุ้งน้ำข้น 60 ก.(ด)	2
3300119-มาม่าคัพรสเย็นตาโฟต้มยำหม้อไฟ 60 กรัม	2
3401005-กาแฟเขาช่อง ซอง 45 กรัม	0
3401060-แบรนด์ซุปไก่  42 ซีซี	0
3401052-แบรนด์วีต้าเบอร์รี่ 42 ซีซี	0
3400588-บริ๊งค์คอลลาเจนกลูต้า 42 มล.	0
0200121-ไข่ตุ๋นคัพหมูดำคูโรบูตะ	3
1900085-ข้าวไรซ์เบอร์รี่	3
0500524-คาปูชิโน่เย็นออโต้22ออนซ์	5
3400431-กาแฟมอคโคน่าทรีโอโกลด์3in1 พ.5	0
0500025-ช็อกโกริโอ้	5
4400083-ท็อปเท็นช็อกโกแลต	8
2400086-จัมโบ้บิ๊กเปาหมูสับไข่เค็ม	1
4101390-Hแซนวิชคุกกี้โอรีโอ ครีมวานิลลา 28.50ก.	4
0700021-แซนวิชไส้กรอกชีส	1
0200086-ชิคฟิงเกอร์ ฮอตแอนด์สไปซี่	3
0200022-เกี๊ยวกุ้ง เจด ดราก้อน	3
3400341-@เนสกาแฟ 3in 1 เบลนด์แอนด์บรู ริช อโรมา พ.4	0
2105251-โบโลน่าพริก	3
0200005-เกี๊ยวซ่าหมูโออิชิ	3
3400342-@เนสกาแฟ3in1 เบลนด์แอนด์บรู เอสเปรสโซ พ.4	0
4102765-Hปลาหมึกอบเบนโตะรสทรงเครื่อง 5 ก.	3
3301052-มาม่า รสหมูสับ 60 ก.(ด)	3
0500048-ลาเต้เย็นออโต้	5
3301220-มาม่าคัพเล็ก รสหมูสับ 42 ก.	2
3400283-กาแฟ3in1บิวติสรินคอลลาเจน แพ็ค7ซอง	0
1900015-เส้นใหญ่ผัดซีอิ๊วหมู	3
1900058-ข้าวปลาผัดพริกสด	3
4102746-เวเฟอร์ทิวลี่ ช็อกโกแลต 25 ก.	4
4102747-Hเวเฟอร์ทิวลี่ วานิลลา 25 ก.	4
4400146-ไมโลแท่ง	8
3400020-กาแฟมอคโคน่าทรีโอ 3in1 เอสเปรสโซ่ แพ็ค 5 ซอง	0
0500801-คาปูชิโน่ปั่นออโต้22ออนซ์	5
0500051-คาปูชิโน่ปั่นออโต้	5
3301058-มาม่าคัพ ต้มยำกุ้ง 60 ก.(ด)	2
1401262-เจจูวิต้า บี-จิม พาวเดอร์ 15 กรัม	9
4102155-Hทาโรรสเข้มข้น 12 ก.	3
1400912-เจจูวิต้า ไฟลินโซ่	9
4102018-Hบิสกิตแผ่นบางตราโอเค รสนม 60 ก.	4
4102153-Hทาโรรสบาร์บีคิว 12 ก.	3
2200044-ข้าวไก่ย่างถ่าน	3
1900020-ข้าวสวยหอมมะลิ(ถ้วย)	3
3800984-ซีวิต รสเลมอน 140 มล.	9
3300449-ยำยำสูตรเด็ดซอง รสต้มยำกุ้งน้ำข้น 80 กรัม	3
0200013-ไข่ไก่ต้มสุกตราซีพี	3
3401066-แบรนด์วีต้าพรุนสกัดเข้มข้น 42 ซีซี.	0
3300224-ไวไว เส้นหมี่กึ่งสำเร็จรูปรสหมูสับ 55 ก.	3
3300475-ไวไวชาม รสต้มยำ(สูตรดั้งเดิม) 70 กรัม	2
2100268-ไส้กรอกทอด สูตรใหม่	3
5200017-Bปากกาเคมี 2 หัวน้ำเงิน	6
3301302-ไวไว รสปรุงสำเร็จ 55 ก.(ด)	3
2200006-ข้าวผัดไก่เกาหลี	3
3800983-ซีวิต รสส้ม 140 มล.	9
1400795-โดนัทท์ เกาหลี 10แคปซูล	9
5200016-Bปากกาเคมี 2 หัวแดง NM	6
5200072-Bกาวแท่ง PVP 9g.P1 JS	6
0800175-เบอร์เกอร์หมูย่างซอสสไปซี่	1
4102723-Hเบงเบงรสช็อกโกแลตรุ่นPubG 125ก.	4
3300397-มาม่าออเรียลทัล รสผัดไข่เค็ม 85 กรัม	3
1100100-สุรา หงส์ทอง แบน 0.35L	2
2109722-โบโลน่าธรรมดา	3
1900006-ข้าวผัดปู	3
1900016-ข้าวไข่เจียวกุ้ง	3
1900163-ลาบหมู	3
0700128-ชีสโทสต์แซนวิช	1
3400022-เนสกาแฟ3in1 เบลนด์แอนด์บรู เอสเปรสโซ่ พ.9	0
3300191-นิสชิน รสต้มยำกุ้งแซ่บ 60 กรัม (ซอง)	3
4200035-โซดาสิงห์ขวดเล็ก	2
4102850-Hสาหร่ายซีลีโกะชนิดเส้น 7 ก.	3
3300338-นิสชินซอง รสไก่เผ็ดเกาหลี 60 กรัม	3
0500040-ลาเต้ปั่นออโต้	5
1900029-ข้าวกล้องหอมมะลิ	3
2200048-Hข้าวปลาทอดลุยสวน	3
3400640-ซุปเปอร์กาแฟ 3in1 แพ็ค 25 ซอง	0
4100184-คุกกี้ดิวเบอร์รี่ แยมสตรอเบอร์รี่ 36ก.	4
4200065-โซดาสิงห์ขวดเล็ก แพ็ค6	2
4102475-ทิวลี่บิ๊กแบงสอดไส้คุกกี้กรอบ 25 กรัม	4
3300451-มาม่าบิ๊กคัพ ออเรียนทัล รสผัดไข่เค็ม 80 กรัม	2
2105240-มินิคอกเทล	3
3800991-ดับเบิ้ลซี รสส้มและเลมอน 160 มล.	9
4200131-โซดาร็อคเมาน์เท็นขวด	2
3301055-มาม่า รสต้มยำกุ้งน้ำข้น 55 ก.(ด)	3
3401151-เบอร์ดี้ 3in1 โรบัสต้า แพ็ค 8 ซอง	0
0700054-แซนวิชครัวซองค์แฮมชีส	1
0500523-เอสเพรสโซ่เย็นออโต้22ออนซ์	5
0200435-โอเด้ง ตราคานิแฟมิลี่	3
2200002-ข้าวผัดกะเพราหมู	3
3300448-ยำยำสูตรเด็ดซอง รสต้มยำกุ้ง 80 กรัม	3
1900071-แกงจืดเต้าหู้หมูสับ	3
2100358-ไส้กรอกแฟรงค์หมูหนังกรอบ	3
4100281-Hทิวลี่คอมโบ้ รสช็อกโกแลต 30 กรัม	4
4101666-Hเวเฟอร์ทิวลี่ทวินจัมโบ้ วานิลลาเคลือบช็อกฯ 38 ก.	4
5200100-ปากกาลูกลื่นบีเชล+YAYA	6
0200263-หมูย่างแจ่วแซ่บ 7Fresh	3
0800037-เบอร์เกอร์หมูเบคอนชีส	1
4900115-เอนเนอร์จี 50 มล.	0
6200114-เบคอนบิ๊กไบท์	7
3400373-แบรนด์ซุปไก่กลมกล่อม 70 ซีซี	0
3801001-ดับเบิ้ลซี รสเลมอนและมะนาว 160 มล.	9
0200002-หมูยอเล็กหมูดี80g.	3
3300011-มาม่า รสหมูน้ำตก 55 ก.	3
3300373-นิสชินซอง รสไก่เผ็ดเกาหลีชีส 60 กรัม	3
4100198-Hคุกกี้แซนวิชโอรีโอ ครีมช็อคโกแลต	4
3301053-มาม่า เส้นหมี่น้ำใส 55 ก.(ด)	3
3301207-มาม่าวุ้นเส้น รสต้มยำ 40 ก.	3
3801192-แฮนดี้เฮิร์บ ถั่งเช่าสกัด 65 มล.	0
3301320-ไวไวควิกคัพ รสต้มโคล้ง 60 ก.	2
3300004-มาม่าคัพ ออเรียนทัล รสสไปซี่ซีฟู้ดส์ 65 ก.	2
8700108-ลาเต้ปั่น (22 ออนซ์)	7
8000853-ทาร์ตสับปะรด PT	7
8000097-ขนมฝอยทอง(S&P)	7
1900101-ข้าวหมูย่างเกลือ	3
6200461-ซอฟท์คุ้กกี้ ช็อกโกแลตชิพ	7
8700046-กาแฟร้อนมอคค่า	7
2200081-ข้าวญี่ปุ่นผัดกระเทียม	3
8000094-เค้กท็อฟฟี่ BB	7
4101503-Hคุกกี้ครีมโอช็อกโกพลัสมะพร้าวและช็อกโกแลต90ก.	4
4101881-สาหร่ายอบเถ้าแก่น้อยรสคลาสสิค1.65ก.	3
6200200-พายไก่	7
4100114-Hขนมปังกรอบโฮมมี่ รสสาหร่ายโนริ	4
4100019-Hเวเฟอร์กัสเซน รสช็อกโกแลต 80 กรัม	4
4100531-Hเวเฟอร์กัสเซน รสนม80กรัม	4
0800191-เบอร์เกอร์หมูทอดและชีส	1
4400171-กูลิโกะ พาลิตเต้ ไวท์ช็อก	8
3300193-นิสชิน รสหมูมะนาว 60 กรัม (ซอง)	3
3300192-นิสชิน รสหมูสับ 60 กรัม (ซอง)	3
1900094-ข้าวกะเพราหมู	3
0200031-ไข่ต้มยางมะตูมซีพี(1ฟอง)	3
4102160-Hแครกเกอร์ชีส เจอร์รี 40 กรัม	4
1900002-โจ๊กหมู	3
4100324-Hแครกเกอร์เนลี่ รสสาหร่ายซอสญี่ปุ่น40ก.	4
2400124-จัมโบ้บิ๊กเปาหมูสับ	1
0200259-แหนม ตราห้วยแก้ว 150 กรัม	3
1900044-ข้าวพะแนงหมู+ไข่เจียวหมูสับ	3
1900019-ข้าวกะเพราไก่+ไข่ดาว	3
3300120-มาม่ารสเย็นตาโฟต้มยำหม้อไฟซอง 60 กรัม	3
3300151-ยำยำคัพเต็มๆรสต้มยำกุ้งน้ำข้น60กรัม	2
3301060-มาม่าบิ๊กแพ็ค รสต้มยำกุ้ง 90 ก.(ด)	3
3301061-มาม่าบิ๊กแพ็ค รสหมูสับ 90 ก.(ด)	3
0200061-ลูกชิ้นปลากลมใหญ่แต้จิ๋ว	3
2200086-ข้าวผัดต้มยำ ตรา อีซี่ ช้อยส์	3
0200006-ไก่อบเทอริยากิ	3
5105300-ไฟแช็ค ไทโย	0
2200063-ข้าวเหนียวหมูทอด ตราอีซี่โก	3
0700020-แซนวิชแฮมชีส	1
3401317-เนสวีต้า รสออริจินอล แพ็ค 6 ซอง	0
2400085-จัมโบ้บิ๊กเปาหมูแดง	1
1400794-โดนัทท์ ไฟบีลี่ 3 ซอง	9
3300013-ยำยำเส้นแบน รสก๋วยเตี๋ยวเรือน้ำตก ซอง 55ก.	3
3300033-ยำยำเส้นแบน รสสุกี้ 55 ก.	3
0501197-ชานมไต้หวันเย็นออโต้	5
0501107-บุก Topping All Cafe	5
3301131-ยำยำ หมูสับจัมโบ้ 63 ก.(ด)	3
0500312-อเมริกาโน่เย็นออโต้	5
3300354-มาม่าออเรียลทัล รสกุ้งผัดซอสต้มยำ 85 กรัม	3
3400042-นกเหยี่ยวผลิตภัณฑ์นมปรุงอาหารฯ368มล.	5
4400324-Hวอลล์ ท็อปเทน ดับเบิ้ล	8
3200045-น้ำผึ้งหลอดสวนจิตรลดา115ก.	0
4400164-เอสกิโม นมเย็น	8
4102755-แซนวิชคุกกี้ฟันโอ ครีมช็อคโกแลต 45ก.	4
6200375-อัลมอนด์บัตเตอร์โทสต์	7
4100252-Hคุกกี้ดิวเบอร์รี่ แยมบลูเบอร์รี่ 72ก.	4
6200130-โกลด์เดนฮาร์ท	7
2100199-ชิกเก้นแฟรงค์พริก	3
3401045-เพรียวคอฟฟี่นูทริเกนผสมเมล็ดเซีย แพ็ก 3 ซอง	0
3400391-ดีมอลต์ 3in1 แพ็ค5 ซอง	0
0200228-ปูเบนโตะ	3
2200003-สปาเก็ตตี้ขี้เมาไก่	3
3300162-มาม่าคัพเส้นหมี่ต้มยำกุ้งน้ำข้น55กรัม	2
3801002-ดับเบิ้ลซี รสพีชและลิ้นจี่ 160 มล.	9
2109037-ไส้กรอกคอกเทลรมควัน	3
0200060-ไข่ตุ๋นคัพ สไตล์ญี่ปุ่น ซีพี	3
3800728-เพรสแอนด์เชค คอลลาพีน.ซี	9
0500146-คาปูชิโน่เย็นออโต้	5
0200156-ไข่ต้มปอกเปลือก ซีพี	3
5200560-Bปากกาหมึกน้ำมันYOYAแพ็ค2	6
3200414-น้ำผึ้งตราดอยคำ 770 กรัม	0
2100249-เวฟด็อกชีส	1
2100350-ฮอทดอกชีสเรดซอส 7Fresh	1
0200040-แหนมตราบ้านไผ่	3
3400440-เบอร์ดี้3in1 เอสเปรสโซ่แพ็ค4ซอง	0
4102764-Hปลาหมึกอบเบนโตะปรุงรส 5 ก.	3
4102554-ปลาหมึกอบเบนโตะรสซีฟู้ดจัดจ้าน 5 ก.	3
3300061-ยำยำจัมโบ้รสเย็นตาโฟต้มยำ 63 กรัม	3
3300048-ยำยำคัพเต็มๆ รสต้มยำกุ้ง 60 ก.	2
0500465-ชานมเย็นออโต้	5
4100261-Hขนมปังกรอบบิสชิน บัตเตอร์โคโคนัต 36 ก. (เล็ก)	4
3301205-มาม่าคัพ รสหมูสับ 60 ก.(ด)	2
5200710-B gSOFT-HI-RE-576ลูกลื่นเจลgSOFT-HI-GRIP	6
5203304-Fancy สีแดง03ปกพลัสเพน-3000	6
0200044-แหนมแท่งเล็กห้วยแก้ว50G.	3
8000388-ครีมฮอร์นSM	7
1100169-เหล้า ซีแกรม รอยัล สแต็ก 0.7L	2
5100584-ไฟแช็คอิเล็คทรอนิคBIC (XP2)	0
4400225-ลาฟรุตต้า โยเกิร์ต ลิ้นจี่	8
4400178-การิการิคุง โซดา	8
4400301-Hวอลล์ คาลิปโป โคล่าเลมอน	8
4400328-Hการิการิคุง องุ่น	8
3301051-มาม่า รสต้มยำกุ้ง 55 ก.(ด)	3
0100079-ขนมปังเนยกระเทียมชีส 7-Fresh	1
3401318-ไมโล ถุง 140 ก.	0
1900130-โอยาโกะด้ง(ข้าวหน้าไก่และไข่)	3
3300032-ไวไว รสหอยลายผัดฉ่า 60 ก.(ด)	3
3400320-ครีมเทียมพร่องไขมัน ตราทีพอท เอ็กซ์ตร้า 385 ก.	5
3200075-น้ำเชื่อมมิตรผล 850 มล.	5
3401340-ใบชา ตราสามม้า เบอร์หนึ่ง 80 ก.	0
3401299-นมสด คาร์เนชั่น 405 ก.	5
4100056-Hสาหร่ายทอดเถ้าแก่น้อยรสคลาสสิค 8 ก.	3
0500147-ช็อกโกแลตเย็นออโต้	5
2109054-ชิกเกนแฟรงค์	3
3401323-คอฟฟี่เมต ถุง 200 ก.	0
3300082-มาม่า รสเป็ดพะโล้ 55 ก.	3
4400072-วอลล์ซีเล็คชั่น คุกกี้แอนด์ครีม	8
3300186-ยำยำช้างน้อย รสข้าวโพด (แพ็ค6ซอง) 20 ก.	3
4102583-แซนวิชคุกกี้ฟันโอ รสช็อกโกแลต อิโมจิ 90ก.	4
4400147-เอสกิโม แพนด้า	8
1401443-บริ๊งค์ คอลลาเจน 12 แคปซูล	9
1401221-บริ๊งค์ คอลลาเจนเปปไทด์ 2000 5 กรัม	9
4400311-คอร์นเนตโต แบล็ค โฮจิฉะ	8
4101583-Hเวเฟอร์เบงเบงไวท์ช็อกฯและมะพร้าว 22ก.	4
3401134-โอวัลติน 3in1 แพ็ค 5 ซอง	0
4100565-ท็อปโป รสช็อกโกแลต(ซอง) 11 ก.	4
4100971-Hทิวลี่สติ๊ก รสช็อกโกแลต 20 ก.	4
0700019-แซนวิชครัวซองค์ไส้กรอกชีส	1
0800023-Hเบอร์เกอร์ไก่สไปซี่ซอสมาโยCP	1
4101530-Hมอลคิสท์แครกเกอร์ 36 ก.	4
2100330-แฮมโบโลน่ารสพิซซ่าฮาวายเอี้ยน	3
4102505-Hริทซ์แครกเกอร์ รสชีส 27 กรัม	5
5200158-B gSOFT-HI-BL-576ลูกลื่นเจลgSOFT-HI-GRIP	6
0501354-สตรอว์เบอร์รี่ชีสเค้กปั่นออโต้	5
4400302-ซูเปอร์ช็อกป๊อป บานาน่า	8
3400529-ครีมเทียมพร่องไขมันคาร์เนชั่นเอ็กซ์ตร้า385กรัม	5
0700099-แซนวิชหมูหยองน้ำพริกเผา	1
4100226-Hคุกกี้ครีมโอช็อกโกพลัส 90ก.	4
4100104-Hแซนวิชคุกกี้ฟันโอ ช็อกโกแลต 90 ก.	4
4100562-Hคุกกี้ฟันโอพาวเวอร์ รสช็อกโกแลต 50ก.	4
4100300-Hแซนวิชคุกกี้ฟันโอ ช็อกโก ช็อกโกแลต 90 ก.	4
0200449-Hน้ำพริกน้ำย้อย สูตรทันสมัยไข่เค็ม ตราย้อย	3
3400157-แบรนด์เห็ดสกัดเข้มข้น65ซีซี	0
4101481-Hแซนวิชคุกกี้ฟันโอ รสนม 90 ก.	4
3300453-นิสชินคัพพรีเมี่ยม รสไก่เผ็ดเกาหลี 71 กรัม	2
3400005-กาแฟเขาช่อง 3in1 เอสเปรสโซ่ แพ็ค 5 ซอง	0
4101112-Hเวเฟอร์ไส้ครีมรสโกโก้ ตราบิสชิน 29กรัม	4
0100135-Hแร๊ป เอ็น โรล ชีสซี่ซอสเซจ Alfredo	1
0100047-เบอร์ริโต้แฮมชีส	1
4400271-เอเชียนดีไลท์ เผือก	8
4400204-วอลล์คัพ วานิลลาใหม่	8
4400109-เอเต้  โบราณ  ถั่วดำ	8
3301321-ไวไว รสหมูสับต้มยำ 60 ก.(ด)	3
0500807-ช็อกโกแลตเย็นออโต้22ออนซ์	5
5202761-B ปากกา2หัว แดง/นง KG	6
3801116-เปปทีนพลัส 100 มล.	0
0800152-Hเบอร์เกอร์ปลาและชีสAA	1
3400438-โอวัลติน3in1 สูตรน้ำตาลน้อยพ.5	0
3401306-เนสกาแฟ 3in1 เบลนด์แอนด์บรู ริช อโรมา พ.9	0
0200433-หมูยอโบราณ ส.ขอนแก่น 170G.	3
0100002-ดับเบิ้ลครัวซองค์แฮมชีส	1
0500526-ลาเต้เย็นออโต้22ออนซ์	5
4400198-เอเต้โบราณ ข้าวเหนียวดำเผือก	8
0700074-แซนวิชครัวซองค์ทูน่าแซลมอน	1
0500525-มอคค่าเย็นออโต้22ออนซ์	5
2400005-มินิเปาหมูสับ	1
0500152-คาปูชิโน่ร้อนออโต้	5
0700167-แซนวิชพิซซ่าซีฟู้ดส์เทาส์ซันไอแลนด์	1
3400171-มอคโคน่าทรีโอ3in1ริช&สมูทแพ็ค5ซอง	0
0200078-ไข่ลวก ตราซีพี	3
6200139-เค้กเนยสด	7
3400219-มอคโคน่า ทรีโอ 3in1 ริชแอนด์สมูท แพ็ค 24ซอง	0
0200126-ไข่ออนเซ็นซีพี	3
8000038-Cเอแคลร์BB	7
3300422-นิสชินอิ่มเต็มคัพ รสหมูสับจัดเต็ม 77 กรัม	2
4400145-เอสกิโม บัตเตอร์ฟลาย	8
0800189-เบอร์เกอร์หมูชีสสูตรใหม่	1
0500039-ช็อกโกแลตปั่นออโต้	5
0500804-ช็อกโกแลตปั่นออโต้22ออนซ์	5
0100200-Hคาลโซเน่ไส้ชิคเก้นสไลด์พิซซ่าซอสและชีส	1
2100103-มินิคอกเทลแฮมเบคอน	3
3300028-มาม่าออเรียนทัลคิตเชนซองรสฮอตแอนด์สไปซี 85 กรัม	3
2100168-มินิคอกเทลสไปซี่	3
2400006-มินิเปาครีม	1
0800006-Burger ข.ลาบแซ่บ	1
0500615-ช็อกโกแลตsignature	5
0500148-เอสเพรสโซ่เย็นออโต้	5
4400310-ลาฟรุตต้า แมงโก้พีช	8
0500149-ช็อกโกแลตร้อนออโต้	5
5203763-DL ลวดเสียบกระดาษKG	6
3300353-มาม่าออเรียลทัล รสฮอตโคเรียน 85 กรัม	3
2100225-ไส้กรอกแฮมพริก	3
2200050-Hสปาเก็ตตี้ไวท์ซอส	3
4402074-ท๊อปเทนวานิลลา	8
0501113-นมสดเย็นออโต้ 22 ออนซ์	5
5200211-BสมุดรายงานA4 30แผ่นAP	6
4101024-Hแครกเกอร์ วอยซ์รสครีมมี่บัตเตอร์ 28กรัม	4
4100954-Hทาโรรสสาหร่ายเกาหลี 12 ก.	3
4400106-เอ็กซ์ตรีม มิ้นท์ช็อก แท่ง	8
3401128-มอคโคน่า ทรีโอ 3in1 คลาสสิค แพ็ค 5 ซอง	0
4100721-Hขนมปังกรอบจูลี่ส์สอดไส้เนยถั่ว 53 ก.	4
3400250-เนสกาแฟ3in1 เบลนด์แอนด์บรู เอสเปรสโซ่ พ.27	0
4400030-คอร์นเนตโต รอยัล สตรอเบอร์รี่	8
0100211-ขนมปังไข่เค็มชีส 7Fresh	1
2100063-แฮมโบโลน่าพริก	3
0100037-ฮาวายเอี้ยนเบรดคัพ	1
3301221-มาม่าคัพเล็ก รสต้มยำกุ้ง 42 ก.	2
4102756-Hแซนวิชคุกกี้ฟันโอ ครีมคัสตาร์ด 45 ก.	4
2200012-ข้าวกะเพราไก่	3
3300450-มาม่าบิ๊กคัพ ออเรียนทัล รสฮอตโคเรียน 80 กรัม	2
3401284-เนสกาแฟ RED CUP ซอง 45 ก.	0
4101114-Hเวเฟอร์ไส้ครีมรสมะพร้าว ตราบิสชิน 29กรัม	4
3300114-มาม่าแกงเขียวหวานไก่ซอง55กรัม	3
4101644-Hฮับเส็ง ครีมแครกเกอร์ ตราปิงปอง 125ก.	4
4101070-Hขนมปังกรอบโฮมมี่ รสมะพร้าว	4
1400745-ไฟเบอร์ดีท็อกซ์ รสเลม่อน	9
4102573-Hเวเฟอร์ซุปเปอร์สตาร์รสช็อกโกแลต36ก.	4
6200191-ชีสโรลไส้กรอกไก่	7
4101025-Hแครกเกอร์ วอยซ์รสช็อกโกแลต 28กรัม	4
6200450-ช็อกโกแลต ทูโทน	7
4101616-Hเวเฟอร์โรลสอดไส้ช็อกฯเคลือบคาราเมล เจอร์รี 24ก.	4
4102621-เวเฟอร์โรลสอดไส้นมเคลือบคาราเมลเจอร์รี24ก.	4
8700139-คาราเมลลาเต้โกลด์ (22 ออนซ์)	7
8700102-กาแฟเย็นคาปูชิโน (22 ออนซ์)	7
4400115-แพดเดิ้ลป๊อป ออคโตปุส	8
3800948-เพรสแอนด์เชคเลมอน วิตามินซี	9
8000402-ขนมปังหมูหยองมายองเนสAF	7
8700111-ชาเขียวเย็น(22 ออนซ์)	7
3400285-แบรนด์จูเนียร์ซุปไก่สกัด(รสช็อกโกลาวา) 42cc	7
8000682-ขนมปังหน้าเนยน้ำตาล BB	7
8000242-เค้กฝอยทองอบ BB	7
2200085-ราเมนแฮมผัดซอสหม่าล่า ตราโออิชิ อีทโตะ	3
8000412-เค้กโรลรสส้ม(BB)	7
8000484-พัฟอบกรอบ BB	7
5204012-Bเทประวังแตก NUVO	6
3800985-ซีวิต รสทับทิม 140 มล.	9
0500972-NCอเมริกาโน่ร้อนออโต้	5
0500987-NCอเมริกาโน่เย็นออโต้	5
1401447-พิ้งค์ กลูต้าคอลลาเจน 5 กรัม	9
4100060-Hเวเฟอร์ทิวลี่ทวินรสช็อกโกแลต 77 ก.	4
2109723-ไส้กรอกเวียนเนอร์	3
3301305-ไวไวควิกคัพ รสต้มยำกุ้ง 60 ก.	2
3300058-มาม่าบิ๊กแพ็ค รสต้มยำกุ้งน้ำข้น 90 ก.(ด)	3
8700045-กาแฟร้อนคาปูชิโน่	7
4101069-Hขนมปังกรอบโฮมมี่ รสงา	4
0200068-แหนมสไลซ์	3
2100066-ไส้กรอกรมควัน	3
3401063-แบรนด์ซุปไก่ 70 ซีซี.	0
2200088-Hข้าวไรซ์เบอร์รี่ผสมข้าวหอมมะลิปลาราดพริก	3
0501024-NCลาเต้เย็นออโต้22ออนซ์	5
2200078-ข้าวเหนียวไก่ย่างจิ้มแจ่ว (ตรา อีซี่โก)	3
6200113-กลาสซ่าเดนิช	7
4400337-Hโอริโอ้ ไอศกรีม แซนวิช	8
3301323-ไวไวควิกคัพ รสหมูสับต้มยำ 60 ก.	2
3301317-ไวไวควิกคัพ รสต้มยำพริกเผา 60 ก.	2
3401204-กาแฟทชิโบโกลด์ 50 กรัม (ขวด)	0
0800182-เบอร์เกอร์กุ้งเอ็กซ์ตร้าชีสAA	1
0800015-Hเบอร์เกอร์สเต๊กกุ้งและปลาซอสมาโยCP	1
4100437-สาหร่ายเถ้าแก่น้อย Big Sheet รสซีฟู้ด 3.5 ก.	3
0500463-ชาเขียวนมมัทฉะปั่นออโต้	5
4101346-Hเวเฟอร์โลซาน รสนม 28 ก.	4
3300074-ไวไว เส้นหมี่ปรุงรส 55 ก.	3
8700048-โกโก้ร้อน	7
0700032-แซนวิชหมูหยองน้ำสลัด	1
0200007-เต้าหู้หลอดไข่ไก่ ซี.พี.	3
2400190-เปาครีมลาวา	1
2200052-ข้าวเหนียวหมูฝอยทรงเครื่อง	3
0100123-Hนีโอพิซซ่า ซีฟูดส์	1
0200191-ไก่ห่อสาหร่าย ซีพี	3
0800026-เบอร์เกอร์กุ้ง	1
4102000-ท็อปโป รสโกโก้ช็อกโกแลต(ซอง)11ก.	4
4400257-คอร์นเนตโต คลาสสิค คุกกี้แอนด์ครีม	8
1401855-Hชาเม่ ซายเอส 3 กรัม	9
3200346-น้ำผึ้งตราSUN FOREST 130 ก.	0
3401078-แบรนด์เจนยู ลูทีน่าพลัส 100 มล.	0
8700340-อเมริกาโน่น้ำผึ้งเย็น	7
3400253-แบรนด์เจนยู 100 มล.	0
6200178-คล๊อกมูสแฮมผักโขม	7
3301314-ไวไวควิก รสต้มยำมันกุ้ง 60 ก.	3
3800340-เปปทีน 4000	0
8000361-นัทเมอแรงค์BB	7
8000328-พายสตรอเบอรี่ YM	7
6200170-ขนมปังสลัดหมูหยองโลฟ	7
8700294-ชามะนาว (22 ออนซ์)	7
1900147-ข้าวไก่ทอดซอสคัตสึโอะดาชิ+ไข่ยางมะตูม	3
0200064-ลูกชิ้นหมู ตราหมูดี	3
4102590-Hแครกเกอร์ไวโอเลต กลิ่นนม64ก.	4
4102591-Hแครกเกอร์ไวโอเลต รสช็อกโกแลต64ก.	4
0800017-เบอร์เกอร์สเต็กไก่	1
4400026-แพดเดิลป็อบ ช็อทส์ฟรุตตี้	8
4100428-Hคุกกี้โอวัลติน รสช็อกโกแลต 30 ก.	4
3400566-ไมโล3in1 สูตรน้ำตาลน้อย แพ็ค5ซอง	0
3400692-นมผงแอนลีนมูฟแม็กซ์รสจืดแพ็ค4ซอง	0
3800687-บริ๊งค์คอลลาเจน4000	0
4102721-สาหร่ายเถ้าแก่น้อยบิ๊กโรลรสน้ำจิ้มไก่3ก.	3
5203937-ปากกาเน้นข้อความ JAVA DUPLEX	6
1100099-สุรา หงส์ทอง กลม 0.7L	2
1401260-Hโดนัทท์ ไฟบิลี่ มิกซ์ 20 กรัม	9
4101814-Hคุกกี้ช็อกโกแลตสอดไส้ครีมวานิลลาฟันโอ 90 กรัม	4
0700141-แซนวิชเดนิชผักโขมแฮมชีส	1
4100761-Hเวเฟอร์ทิวลี่ทวินจัมโบ้ ช็อกโกแลต 38 ก.	4
0700005-แซนวิชครัวซองค์หมูหยองน้ำสลัด	1
2100332-ไส้กรอกชีสรมควันสไตล์ญี่ปุ่น 7Fresh	3
0500464-ชาเขียวนมมัทฉะเย็นออโต้	5
4101345-เวเฟอร์โลซาน รสโกโก้ 28 ก.	4
8000313-โดรายากิรสชอคโกแลต AF	7
2400204-ฮะเก๋ากุ้ง	3
2400226-หมูสาหร่ายหน้าไข่เค็ม	3
4400286-โอริโอ้ไอศกรีมสติ๊ก	8
3400441-เบอร์ดี้3in1โรบัสต้าแพ็ค4ซอง	0
3800725-เพรสแอนด์เชค แอลคาร์นิทีน	9
3300161-มาม่าคัพแกงเขียวหวานไก่60กรัม	2
2200024-ผัดมักกะโรนีไก่	3
0100001-ดับเบิ้ลครัวซองค์ไส้กรอกชีส	1
3300164-มาม่าเส้นหมี่รสหมูตุ๋น50กรัม	3
3300165-นิสชินชิลลี่รสสไปซี่ต้มยำกุ้งซอง55กรัม	3
0200172-ไก่ย่างบาร์บีคิว 7-Fresh	3
3401131-โอวัลติน ถุง 150 ก.	0
8000771-เครปโรลฝอยทองใบเตย PT	7
4100058-Hเวเฟอร์สติ๊กโก้ฟิงเกอร์ช็อกโกแลต 12ก.	4
2105250-เบคอนรมควัน	3
4100937-Hบิสกิตแผ่นบางตราโอเค รสชีส 60 ก.	4
0501022-NCคาปูชิโน่เย็นออโต้22ออนซ์	5
3300413-@บะหมี่ชามคุคกิ้งทาวน์ รสหมูสับ 60 กรัม	2
4101581-Hคุกกี้ดับเบิ้ลช็อกกู๊ดไทม์22.7	4
3401090-เบอร์ดี้ 3in1 เอสเปรสโซ พ.8ซอง	0
1100069-เหล้า เบลนด์285 0.7L	2
4101348-Hคุกกี้ครีม-โอ ครีมวานิลลา 90 ก.	4
0800192-Burgerข.ข้าวกล้องไก่แซ่บ	1
4400003-แมกนั่ม คลาสสิคใหม่	8
5200268-B เทปโฟม2หน้าเขียว24มิลX1.	6
3400736-แบรนด์ซุปไก่สกัด 100 มล.	0
1100162-เหล้า สเมอร์นอฟ มิดไนท์ แม็กซ์ 0.7L	2
5200053-Bปากกาเดอคัลเลอร์2หัวแดงน้ำเงิน	6
3400087-เนสกาแฟ เรดคัพ ถุง 90 กรัม	0
0500527-อเมริกาโน่เย็นออโต้22ออนซ์	5
4101456-Hบิสกิตแผ่นบางตราโอเค รสสาหร่าย 60 ก.	4
0700162-แซนวิชเดนิชเห็ดชีส	1
0200012-ไข่ต้มสมุนไพร	3
3301319-ไวไวควิก รสต้มโคล้ง 60 ก.(ด)	3
0500153-เอสเพรสโซ่ร้อนออโต้	5
4102104-Hทิวลี่ทวินครีมวานิลลาเคลือบช็อกฯ77ก.	4
3300121-มาม่าคัพต้มยำกุ้งน้ำข้นเล็ก 42 กรัม	2
4102333-พิคมีบิสกิตผักรวมไนน์เวจจี้38ก	4
0200443-ไข่นกกระทาต้ม ตราทีเอ็นโอ	3
3300452-นิสชินซอง รสไก่เผ็ดไข่เค็ม 60 กรัม	3
8903773-กลูตาแมกซ์ผลิตภัณฑ์เสริมอาหาร	9
0800087-Burger ข.หมูปิ้ง	1
4101751-Hแคลชีส เวเฟอร์สอดไส้ครีมรสชีส 35 กรัม	4
0800027-เบอร์เกอร์หมู	1
5105302-ไฟแช็คคริกเก็ต ED1 (ORIGINAL)	0
2100185-ไส้กรอกคอกเทลชีส	3
4100317-Hเวเฟอร์ทิวลี่บิ๊กแบง 25 กรัม	4
0200133-ลูกชิ้นเนื้อนำชัย	3
3401178-ชุดของขวัญสก๊อตเพียวเร่ 45 มล. แพ็ก 6 (2020)	1
4102002-Hคุกกี้สอดไส้ครีมช็อกฯบราวนี่ฟันโอ 90 ก.	4
1100088-สุรา แสงโสม กลม(รุ่นใหม่) 0.7L	2
0800185-เบอร์เกอร์ไก่ชีส	1
7400099-ถุงผ้า Size S	5
3300314-นิสชินซอง รสทงคตสึซุปกระดูกหมู 60 กรัม	3
8000802-บราวนี่สไตล์บอสตัน SF	7
5200565-สมุดมุงหลังคา90X160มม/24แผ่น	6
3300277-ไวไวควิกคัพ รสต้มยำมันกุ้ง 60 ก.	2
5200054-Bดินสอดำ นอริกา โนเวลตี้ (สีแท่งพาสเทล)	6
5204133-Bปากกาเจลลูกลื่น 0.5mm รุ่น The Sky KIAN-DA	6
5200086-Bปากกาลบคำผิดลิควิคเปเปอร์	6
5200038-Bกาวลาเท็กซ์ (ออร์ก้า)	6
3401107-ดาวกาแฟ 3in1 รสเทอร์โบ แพ็ค5ซอง	0
0800190-เบอร์เกอร์โฟร์ชีสแฮมซอสไข่เค็ม	1
0800107-เบอร์เกอร์โฟร์ชีสแฮม	1
4102593-@ทิวลี่ซีเล็คเวเฟอร์คุกกี้แอนด์ครีม20ก.	4
1401794-ชาเม่ คอลลาเจนไตรเปปไทด์ พลัส 15 กรัม	9
0700168-แซนวิชพิซซ่าไก่เดอลุกซ์	1
2100290-ไส้กรอกทอดรสพริกสด สูตรใหม่	3
4101576-Hคุกกี้ครีมโอโกล์ดช็อกโกแลต 35 กรัม	4
0500802-ลาเต้ปั่นออโต้22ออนซ์	5
1400789-แฮนดี้เฮิร์บ ถั่งเช่าสกัด 300 มก. 2 แคปซูล	9
1400987-โดนัทท์ กลูต้าพลัส 10 เม็ด	9
3801217-เพรสแอนด์เชค พรีไบโอเจล 4.5 กรัม	9
3300009-ยำยำจัมโบ้ รสต้มยำทะเลหม้อไฟ 63 ก.	3
3301151-ยำยำจัมโบ้ รสต้มยำกุ้งน้ำข้น 63 ก.(ด)	3
0700118-ขนมปังเนยเห็ดทรัฟเฟิลชีส	1
4102627-Hเวเฟอร์บิสชินกลิ่นบลูเบอร์รี่ 29ก.	4
4102019-Hบิสกิตสอดไส้แยมบลูเบอร์รี่ แยมโอแยม 48ก.	4
4100183-Hคุกกี้ดิวเบอร์รี่ แยมบลูเบอร์รี่ 36ก.	4
4101488-Hคางกุ้งทอดกรอบ ดั้งเดิม โอคุสโน่ 17ก.	4
5200092-Bปากกาแลนเซอร์แพคคู่น้ำเงิน2001 0.5MM	6
3300190-มาม่าคัพ รสต้มยำกุ้งเอ็กซ์ตรีม 60 กรัม	2
3100030-อาราบัสพาสฯ คาราเมล 200มล	5
3100031-อาราบัสพาสฯ ลาเต้ 200มล	5
4100663-Hสาหร่ายอบกรอบตะวันแดงทูสติ๊กรสดั้งเดิม5ก.	3
4100664-Hสาหร่ายอบกรอบตะวันแดงทูสติ๊กรสเผ็ด5ก.	3
3300007-ยำยำจัมโบ้แห้ง รสผัดขี้เมา 63 ก.	3
1900164-ข้าวหมูซีอิ๊ว+ไข่เจียว	3
4100250-Hแครกเกอร์เมจิกทวิน รสบัตเตอร์ 75ก.	4
8000788-เค้กโบราณ(เค้กถ้วยหน้าแยมส้ม) PS	7
6200109-ขนมปังลูกเกดซินนาม่อน	7
6200238-อัลมอนด์บัน	7
3400618-กาแฟมอคโคน่าเอสเปรสโซ่ ถุง 50 ก.	0
0800173-ดับเบิ้ลเบอร์เกอร์หมูชีสCP	1
4101286-Hช็อกโกไตรแองเกิล บิสกิต วิทโกโก้ฟิลลิ่ง 10กรัม	4
5200673-ปากกาMAPLES 919Aแพ็คคู่	6
4101882-สาหร่ายอบเถ้าแก่น้อยรสเผ็ด1.65ก.	3
5204055-สติ๊กเกอร์แฟนซี(คละแบบ) CL	6
0500803-มอคค่าปั่นออโต้22ออนซ์	5
0100204-Hนีโอพิซซ่ามินิซอสซีฟู้ดมาโย Alfredo	1
0200085-ก้ามปูหิมะเทียม คานิ-โอ	3
5204436-ควอนตั้มปากการุ่นเทียร์ 0.5 แพ็ค2 DHA	6
2100215-มินิคอกเทลบาร์บีคิว	3
3400131-แบรนจูเนียซุปไก่ฯน้ำมันปลา(กลิ่นฟรุ๊ตลาวา)42cc	7
3400079-กาแฟบอดี้เชพ3in1แพ็ค5ซอง	0
5204224-ปากกาลบได้เอลเฟ่น EG051 DHA	6
5204377-สมุดปกอ่อน e-file SAKURA	6
5200681-B เทปใส3/4x36หลาS	6
4100607-สาหร่ายม้วนเถ้าแก่น้อยบิ๊กโรล รสคลาสสิคแพ็ค 3ก.x3	3
2100270-แพ็คใหญ่แฟรงค์ไก่รมควันหนังกรอบ BKP	3
1100081-สุรา แสงโสม แบน(รุ่นใหม่) 0.3L	2
3401310-ไมโล 3 in1 แพ็ค 5 ซอง	0
5200084-ปากกาเรโนล์ แพ็คคู่น้ำเงิน แดง	6
3300089-มาม่าคัพ รสต้มแซ่บ 60 ก.	2
0200041-แหนมตุ้มจิ๋ว ส.ขอนแก่น	3
4102031-Hข้าวโพดอบกรอบตราอ๊ะห์17.5ก	4
4101039-สาหร่ายทอดเถ้าแก่น้อยรสเผ็ดBig Sheet7ก.	3
4100953-สาหร่ายทอดเถ้าแก่น้อยคลาสสิคBig Sheet7ก.	3
5200449-B ยางลบดินสอแพ็ค2	6
5204183-เอลเมอร์กาวขาว1.25OZ NW	6
2200025-สปาเก็ตตี้ไก่ซอสมะเขือเทศ	3
1401368-หนุย ไฟเบอร์รี่ ราสพ์เบอร์รี่ 17 กรัม	9
1400747-ไฟเบอร์ดีท็อกซ์ รสมิกซ์เบอร์รี่	9
4101347-คุกกี้ครีม-โอ ครีมวานิลลา 45 ก.	4
3801195-ไนท์ไนท์ ช็อต 50 มล.	0
3300424-นิสชินชิลลีอิ่มเต็มคัพ รสต้มยำน้ำข้นรวมมิตร77ก	2
0500511-เพิ่มช็อตกาแฟ	5
5204426-ปากกาEnergel BL437 แบบกด 0.7มม. น้ำเงิน Pentel	6
3300423-นิสชินอิ่มเต็มคัพ รสต้มยำครบเครื่อง 77 กรัม	2
3300445-มาม่าคัพ รสคาโบนาร่าชีส 60 กรัม	2
3300015-มาม่าคัพ ออเรียนทัลฮอตแอนด์สไปซี่ 65ก.	2
4102634-Hแซนวิชคุกกี้โอรีโอรสดาร์กแอนด์ไวท์ช็อกฯ28.5ก.	4
4100180-สาหร่ายเถ้าแก่น้อยBIGSHEETรสเผ็ด 3.5 ก.	3
4100179-สาหร่ายทอดเถ้าแก่น้อย Big Sheet รสคลาสสิค 3.5 ก.	3
0200043-แหนมแท่งกลางหมูดี100G.	3
1400991-แฮนดี้เฮิร์บ เห็ดหลินจือสกัด 2แคปซูล	9
4102635-Hบิสกิตแผ่นบางตราโอเค รสช็อกโกแลต 60ก.	4
4400313-เอ็กซ์ตรีม ซอลท์เท็ด คาราเมล โคน	8
2200032-ข้าวลาบหมู-หมูย่าง	3
4101285-Hช็อกโกไตรแองเกิล บิสกิต วิทมิลล์ฟิลลิ่ง 10กรัม	4
8700009-กาแฟเย็นเอสเพรสโซ่	7
5204358-สมุดรายงาน One Piece A4 70g. DoubleA	6
3300003-ยำยำจัมโบ้ รสต้มยำกุ้ง 63 ก.(ด)	3
3300079-ไวไวควิก รสต้มยำกุ้ง 60 ก.	3
0500154-อเมริกาโน่ร้อนออโต้	5
3401500-น้ำตาลก้อนอิมพิเรียล 250 ก.	0
4101863-เวเฟอร์ไส้ครีมกลิ่นมะพร้าวฮาวายโฮมมี่ 29 ก.	4
4102626-Hเวเฟอร์บิสชินกลิ่นเมลอนญี่ปุ่น 29ก.	4
0500528-มัคคิอาโตเย็นออโต้22ออนซ์	5
3400279-กาแฟเขาช่อง 3in1 มอคค่า แพ็ค 5 ซอง	0
2400153-จัมโบ้บิ๊กเปามังสวิรัติ	1
5200433-B มีดคัตเตอร์สแตนเลสเล็ก	6
4102143-Hคุกกี้ครีมโอช็อกโกพลัสคาปูชิโน่60ก.	4
5200055-Bดินสอเขียนแบบ_ลูโมกราฟ 2B	6
4102596-Hสาหร่ายม้วนเถ้าแก่น้อยบิ๊กโรล รสคลาสสิค7ก.	3
2100319-มินิคอกเทลวุ้นเส้นสไปซี่ 7Fresh	3
0500150-ลาเต้ร้อนออโต้	5
0800134-Hเบอร์เกอร์สเต๊กไก่ย่างถ่านพริกไทยดำCP	1
4400322-อาคากิ มัทฉะ กรีนที ไอซ์บาร์	8
2200089-ข้าวเหนียวหมูย่าง	3
4400151-ไมโล แมกม่า	8
2100331-ไส้กรอกหมูรมควันสไตล์ญี่ปุ่น 7Fresh	3
4400323-Hเอเชียนดีไลท์ กะทิมันม่วง	8
4400304-ยาวะโมจิ มัทฉะ ทซึบัน โมนากะ	8
4400116-วอลล์ไอศกรีม แซนวิช	8
3300189-มาม่าคัพ รสสไปซีชีส 63 กรัม	2
5100055-ไพ่ขอบทองV.G.GOLD111	0
0500652-ชานมร้อนออโต้	5
0500983-NCเอสเพรสโซ่เย็นออโต้	5
3400551-@เนสกาแฟ3in1 เบลนด์แอนด์บรู ริช อโรมา พ.20	0
0500480-นมชมพูเย็นออโต้	5
3401400-ขิงผง จินเจน รสยอดนิยม สูตร3  10 ซอง	0
4101213-Hคุกกี้แซนวิชฟันโอช็อกฯไส้ครีมชาเขียวมัทฉะ 90ก.	4
4101575-Hคุกกี้ดิวเบอร์รี่ แยมกีวี แอปเปิ้ล 36ก.	4
3300210-ยำยำคัพเต็มๆ รสสุกี้ทะเล 60ก.	2
3400819-โอวัลตินโกลด์ 3in1 แพ็ค5ซอง	0
3400906-แบรนด์ซุปไก่สกัดกลมกล่อม 100 มล.	0
0500304-นมสดปั่นออโต้	5
5100830-ไฟแช็คคลิปเปอร์ (CLIPPER)	0
3400152-สก๊อตคิตซ์ซุปไก่รสช็อกโกผสมน้ำมันปลาฯ45มล.	7
4101750-Hทิวลี่ซีเล็คเวเฟอร์ไส้ช็อกฯเคลือบอัลมอนด์ช็อกฯ20ก	4
0700145-แซนวิชไส้กรอกแฮมชีส	1
8700104-กาแฟเย็นลาเต้ (22 ออนซ์)	7
4400049-วอลล์คัพช็อกโกแลตชิป	8
4100248-Hขนมปังกรอบบิสชิน บัตเตอร์โคโคนัท 52 ก.	4
4400321-ไอซ์ครั้นช์บาร์ โซดา	8
3401121-กาแฟมอคโคน่า ซีเล็กขวด 45 ก.	0
4101929-วีทสแน็ควิทช็อกโกแลตฟิลลิ่ง 27ก.	4
3400606-กาแฟเขาช่อง3in1ซุปเปอร์ริช แพ็ค5ซอง	0
4102708-@Hคุกกี้มอนเทโกฟันดับเบิ้ลช็อกโกแลต17ก.	4
4100433-Hสาหร่ายอบมาชิตะรสออริจินัล5ก.	3
3300315-นิสชินซอง รสซุปเกาหลีฮอตแอนด์สไปซี่ 60 กรัม	3
3300078-มาม่าเส้นใหญ่เย็นตาโฟซอง50กรัม	3
1900125-ข้าวสวยหอมมะลิบิ๊กแพค	3
2100274-เวฟด็อกชิลลี่ชีส	1
4102766-Hปลาหมึกอบเบนโตะรสน้ำพริกตำรับไทย 5 ก.	3
4400166-ฟูตะบะ วานิลลา โมนากะ	8
4400288-กูลิโกะ ไจแอนท์ โคนมินิ ช็อกโกพีนัท	8
4400070-Hซูเปอร์ช็อกป๊อป วานิลลา	8
0200192-OTOPน้ำพริกปลาทู ตราป้าแว่น	3
0200178-OTOPน้ำพริกกะปิ ตราป้าแว่น	3
4200132-โซดาร็อคเมาน์เท็นขวดแพ็ค6	2
8700351-ชานมไต้หวัน (22 Oz.)	7
8700354-เพิ่ม บราวน์ชูการ์ เจลลี่	7
8700133-นมสดเย็น (22 ออนซ์)	7
5200511-สมุดฉีก A6/50 แผ่น	6
3800980-บริ้งค์ กลูต้าแม็กซ์ 50 มล.	0
8700140-ไอซ์คาราเมล แมคคิอาโต้ (22 ออนซ์)	7
8700113-ชานมเย็น(22 ออนซ์)	7
8000837-พายอัลมอนด์ PT	7
0100128-Hนีโอพิซซ่า ฮาวาย (สูตรใหม่)	1
3400782-แบรนด์วีต้าพรุนเมโทพลัส 42 มล.	0
8700115-กาแฟเย็นอเมริกาโน่(22 ออนซ์)	7
6200301-ขนมปังสังขยาใบเตย(คู่)	7
3401026-พิ้งค์กลูต้าคอลลาเจนเบอร์รี่ 42 มล.	0
6200115-ดับเบิ้ลซอสเซสโรล	7
0700086-ปังเนยน้ำตาล	1
1401777-แฮนดี้เฮิร์บ กระชายดำสกัด 2 แคปซูล	9
0700058-แซนวิชเดนิชคาโบนาร่า	1
4400060-วอลล์ 2in1 ช็อกชิพ ช็อกโก	8
0700071-แซนวิชเค้กไส้กรอก	1
4102175-แคมปัส ช็อคโก พัฟ 20 กรัม	5
4101020-Hโรซี่แครกเกอร์ 80 ก.	4
0700165-แซนวิชครัวซองค์เสี่ยงทาย รสช็อคโกแลต	1
3300344-มาม่าออเรียนทัลคิตเชนซองรสโคเรียน สไปซ์ 85 กรัม	3
6200203-พายผักโขม	7
6200035-ครัวซองต์เนยสด	7
8000115-มินิเค้กกล้วยหอมAF	7
1400790-แฮนดี้เฮิร์บ จีไนท์ 2 แคปซูล	9
3401187-ชุดของขวัญโอวัลติน 3in1 (2020)	1
4102851-Hสาหร่ายซีลีโกะดั้งเดิมชนิดแผ่น6แพ็ค2.6ก.	3
8700109-โกโก้เย็น(22 ออนซ์)	7
4100257-Hแครกเกอร์เนลี่ รสซาวครีมและหัวหอม 40 ก.	4
4101492-Hสาหร่ายทอดเถ้าแก่น้อยบิ๊กชีทรสเชดด้าชีส3.5ก.	3
5200467-Bไส้ดินสอ2Bแพ็ค2	6
0200067-OTOPแหนมหมูย่าง สูตรใหม่	3
4102584-Hเวเฟอร์เนสท์เล่ รสช็อกโกแลต11.1 ก.	4
4102622-Hบิสกิตตราบิ๊กมาเรียรสช็อกโกแลต48ก.	4
5201521-Bยูนิเจ็ทสตรีม SXN-101นง DHA	6
5200198-Bซองจดหมายขาวสั้น	6
4102059-@คุกกี้ครีมโอโกล์ดเรดเวลเวท 35 กรัม	4
4101930-วีทสแน็ควิทมิลค์ฟิลลิ่ง 27ก.	4
0800193-เบอร์เกอร์โฟร์ชีสผักโขมและแฮม	1
3400041-กาแฟเนเจอร์กิฟ 3in1 แพ็ค 5 ซอง	0
0200448-ไก่ทอด 7Fresh	3
4400107-คอร์นเนตโต คลาสสิก วานิลลา	8
4101582-Hคุกกี้ดับเบิ้ลช็อกกู๊ดไท72ก.	4
5203928-Bสมุดสันห่วง(คละลาย)JS	6
4400309-Hเอเชียนดีไลท์ ชานมไข่มุก	8
4102518-แคมปัส มิลค์กี้ พัฟ 20 ก.	5
2100333-ไส้กรอกเวียนเนอร์พริกสด	3
3300123-มาม่าคัพหมูสับต้มยำน้ำข้นถ้วย60กรัม	2
3300288-ยำยำคัพเต็มๆ รสหมึกมะนาว 60 ก.	2
3400161-เนเจอร์กิฟคอลลาเจนคอฟฟี่แพ็ค5	0
5100315-ไฟแช็ค my items (BIC)	0
3300077-มาม่าเส้นใหญ่น้ำใสซอง50กรัม	3
3300461-มาม่าคัพเส้นเล็ก รสเล้งแซบ 55 กรัม	2
0800186-เบอร์เกอร์ไก่ฮอตชิลลี่	1
0500321-มัคคิอาโต้เย็นออโต้	5
4100491-Hเวเฟอร์สติ๊กโก้ฟิงเกอร์ รสมิลค์วานิลลา 12 กรัม	4
4101197-Hวอยซ์ มินิคุกกี้สอดไส้ครีมกลิ่นวานิลลา 30กรัม	4
4400293-เอ็กซ์ตรีม นามะซอลท์เท็ดคาราเมล	8
5200159-Bสมุดนักเรียนทูสปอร์ต 20 บ.	6
4100251-Hแครกเกอร์เมจิกทวิน รสช็อกโกแลต 75ก.	4
0501117-นมชมพูปั่นออโต้ 22 ออนซ์	5
5204026-ไม้โปร (ตราเครื่องบิน)	6
5201497-แลนเซอร์825W (น้ำเงิน+แดง)	6
0500151-มอคค่าร้อนออโต้	5
2100241-ชไวเวิร์สท	3
3400133-สก๊อตเพียวเร่เบอร์รี่สกัดเข้มข้น 45 ซีซี	0
0500302-นมสดร้อนออโต้	5
0500252-แดงมะนาวโซดาเย็นออโต้	5
0200019-เกี๊ยวซอสญี่ปุ่น	3
0501066-อเมริกาโน่น้ำผึ้งเย็น 22 ออนซ์ออโต้	5
5200035-Bสก็อตเทปแกนเล็ก	6
1100059-เหล้า 100 ไพเพอร์ส 0.5L	2
4101859-เวเฟอร์ไส้ครีมกลิ่นส้มแคลิฟอร์เนียโฮมมี่ 29 ก.	4
4101887-Hมอลคิสท์แครกเกอร์สอดไส้ช็อคโกแลต 42 ก.	4
3300163-มาม่าคัพเส้นหมี่น้ำใส50กรัม	2
5200150-Bกรรไกรจิ๋ว	6
4101013-@Hครีมโอบราวนี 25กรัม	4
5200087-Bปากกา OIL GEL แพ็ค2 PC	6
5203829-สมุดบันทึกB5 70g.30s. QUALITY ดั๊บเบิ้ลเอ	6
0500070-มอคค่าเย็นออโต้	5
4100323-Hแครกเกอร์เนลี่ รสคลาสสิค40ก.	4
5204430-Mini Cutter KIAN-DA	6
3400109-สก๊อตเพียวเร่พรุนสกัดเข้มข้น 45 มล.	0
4101058-เวเฟอร์สอดไส้ครีมเนยสด ช็อคกี 32กรัม	4
4102413-Hคุกกี้อิมพีเรียล รสช็อกโกมอลต์ 30 กรัม	4
3400922-แบรนด์ซุปไก่ไลท์ อะโรมา 42 มล.	0
3300328-ไวไวคัพ เส้นหมี่ รสหมูสับ 60 กรัม	2
2100238-ชิกเก้นแฟรงค์พริกไทยดำ	3
3400979-เนเจอร์กิฟ กาแฟดำ แพ็ค 5 ซอง	0
0501115-แดงมะนาวโซดาเย็นออโต้ 22 ออนซ์	5
0100183-บันไส้กรอกชีส	1
4101113-Hเวเฟอร์ไส้ครีมกลิ่นส้ม ตราบิสชิน 29กรัม	4
0500481-นมชมพูปั่นออโต้	5
0200017-เกี๊ยวลุยสวน	3
5200512-ปากกาลูกลื่นแพ็ค4 KG	6
0500145-เอสเพรสโซ่ปั่นออโต้	5
0500274-ชามะนาวเย็นออโต้	5
1102005-เหล้า เรดเลเบิ้ล 0.7L	2
4102633-Hคุกกี้มิลค์กี้วานิลลากู๊ดไทม์72ก.	4
3400168-โอวัลติน3in1แพ็ค12ซอง	0
0501116-นมสดปั่นออโต้ 22 ออนซ์	5
5200537-B ปากกาลูกลื่น12บ.คละแบบ	6
1401053-วิตทูโก วิตามินซี 2 แคปซูล	9
0200205-ปีกไก่รมควัน (3 ปีก)	3
5204421-Bปากกาลบได้เจ้าหญิงคละลาย	6
0500653-ชาเขียวนมมัทฉะร้อนออโต้	5
0500971-NCเอสเพรสโซ่ร้อนออโต้	5
0100199-Hแร็พเอ็นโรลสลัดไก่ Alfredo	1
4400237-เอ็กซ์ตรีม นามะดาร์กช็อก	8
4100604-Hวอยซ์ วาฟเฟิลครันช์ ช็อกโกคริสปี้ 23 กรัม	4
6200117-คล็อคมูสไส้กรอกไก่	7
0200442-ไก่คั่วพริก ซีพี	3
8700101-กาแฟเย็นเอสเพรสโซ่ (22 ออนซ์)	7
8000609-ไวโอเลต รสวนิลา 165 g.	7
3400046-กาแฟเนเจอร์กิฟคอฟฟี่ทเวนตี้วันแพ็ค 5 ซอง	0
3400881-เนสกาแฟโกลด์คาเฟ่โอเลย์สูตรอินเทนโซ่ แพ็ค3ซอง	0
3400986-กาแฟบอดี้เชพผสมเมล็ดเจียออร์แกนิค	0
3400043-กาแฟมอคโคน่าทรีโอ 3in1 เอสเปรสโซ่ แพ็ค 24 ซอง	0
4100253-Hคุกกี้ดิวเบอร์รี่ แยมสตรอเบอร์รี่ 72ก.	4
3300364-ไวไวชาม รสต้มยำกุ้งน้ำข้น สูตรพริกเผา 70 กรัม	2
0500305-นมสดเย็นออโต้	5
3400974-สก็อตซุปไก่ผสมถั่งเฉ้า 45 มล.	0
4102711-คุกกี้ดิวเบอร์รี่ ช็อกโกฯแยมมิกซ์เบอร์รี่72ก.	4
8700047-กาแฟร้อนลาเต้	7
3400467-เพรียวคอฟฟี่สูตรคลีออกซ์ลา แพ็ค7ซอง	0
0200004-ไก่อบบาร์บีคิวผสมน้ำผึ้ง	3
0700157-แซนวิชครัวซองค์ดับเบิ้ลแฮมและชีส	1
0100196-Hพิซซ่าโรลไก่สไลซ์รมควันซอสคาร์โบนาร่า Alfredo	1
4400197-เอเต้ ไทยฟรุ้ต ทุเรียน	8
5203771-ปากกาลูกลื่นเจลตีตุ๊ส จีซอฟท์	6
4102380-Hแครกเกอร์มิสเตอร์โปเตโต้ฯซาวร์ครีมหัวหอม22ก	4
4100431-Hคุกกี้สอดไส้ครีมช็อกโกแลต ฟันโอ 25 ก.	4
8700001-กาแฟร้อนอเมริกาโน	7
3400956-กาแฟบอน อโรมา โกลด์ ขวดแก้ว 50 กรัม	0
3400054-คอฟฟี่เมต ซอง 100 กรัม	0
4400283-วอลล์ท็อปเทนแซนวิช	8
5203847-BFullmarkเทปลบคำผิด รุ่นB 5มมx6ม คละสี BYK	6
3401324-คอฟฟี่เมต กล่อง 450 ก.	0
1401796-มันซ์เอ็กซ์ 3 อาหารเสริมผู้ชาย 2 แคปซูล	9
4400200-เอเต้ โบราณ ข้าวโพด	8
1100179-เหล้า เบลนด์285 ซิกเนเจอร์ 1L	2
5200103-BปากกาMONK+ToyDog	6
5203116-Bปากกาเจลลูกลื่นเคียนดะ 0.7 3in1	6
5105301-ไฟแช็คแฟนซี CRICKET ED4	0
3401102-สก๊อตคิตซ์ซุปไก่สกัดผสมนมกลิ่นวานิลลา 160 มล.	7
2100239-ไส้กรอกรมควันชีส	3
5200663-แลนเซอร์คลิก878น้ำเงินแดงแพ็ค	6
5102212-เปิดกระป๋อง ด้ามฟอง	2
3300476-ไวไวชาม รสหอยลายผัดฉ่า แบบแห้ง 70 กรัม	2
3300122-บะหมี่ไวไวรสหมูสับปรุงรส 60 กรัม	3
3400166-เบอร์ดี้3in1โรบัสต้าแพ็ค27ซอง	0
6200064-แฮมชีสบัน	7
6200428-เดนิชช็อกโก้สติ้ก SF	7
3400546-ซุปไก่สก๊อตสูตร100% 100มล.	0
1100185-เหล้า เบลนด์285 0.345L	2
8000608-ไวโอเลต รสโก้โก 165 g.	7
3300084-มาม่าวุ้นเส้นน้ำใส 40 ก.	3
8000584-เค้กกานาชชอค2ชิ้นAF	7
8000777-ขนมปังไส้เนยสดโรยไอซิ่งBB	7
0200185-ไข่พะโล้ยางมะตูม	3
0100192-Hนีโอพิซซ่าไส้กรอกไก่ Alfredo	1
4100792-สาหร่ายทอดเถ้าแก่น้อยบิ๊กชีทรสต้มยำกุ้ง 3.5ก.	3
0800131-เบอร์เกอร์หมูซูเปอร์สไปซี่ CP	1
4100415-Hทิวลี่บอล รสช็อกโกแลต 18 กรัม	4
0100036-แฮมเบคอน เบรดคัพ	1
4102391-Hคุกกี้ครีมโอช็อกโกพลัสรสช็อกโกแลต80ก.	4
0500806-ช็อกโกริโอ้ปั่นออโต้22ออนซ์	5
4102355-เวเฟอร์ทิวลี่ริชช็อกโกแลต22ก.	4
4101939-Hเวเฟอร์สอดไส้ชีส นาบาติ 32ก.	4
4101793-Hคุกกี้ดิวเบอร์รี่แยมแอปเปิ้ลกลิ่นกีวี่แอปเปิ้ล72ก	4
4100910-Hเวเฟอร์สติ๊กโก้ รสวานิลลา 28 ก.	4
3400053-เพรียวคอฟฟี่สูตรผสมโครเมียมแพ็ค7ซอง	0
3400543-กาแฟฟิตเน่3in1คอฟฟี่เซฟสูตรผสมดอกคำฝอยฯ พ.4	0
4100757-Hสาหร่ายย่างม้วนคาบูกิรสออริจินัล3ก.	3
0800101-เบอร์เกอร์ไก่ซอสเยลโล่มาโย	1
1401816-Hผลิตภัณฑ์เสริมอาหาร เกร็กคู จีเค24 1แคปซูล	9
3400333-แบรนด์ซุปไก่กลมกล่อม 42 ซีซี	0
3800776-บริ๊งค์ คอลลาเจน 6000	0
3400012-คอฟฟี่เมต สูตรไขมันต่ำ 180 กรัม	0
5200081-Bกระดาษ A4 80แกรม(DOUBLE A)	6
4400296-แม็กนั่มแมคคาเดเมีย ซอลท์เท็ด คาราเมล	8
5200476-ปากกาเจลแพ็คคู่ KG	6
0800100-Hดับเบิ้ลเบอร์เกอร์ไก่ชีสCP	1
0100165-ขนมปังคาโบนาร่าชิคเก้นสไลด์ชีส 7Fresh	1
4400319-กรีก โยเกิร์ต บาร์ บลูเบอร์รี่	8
5200659-Bกระดาษโน๊ตโพสต์อิท 3เอ็ม	6
8908358-คอลลาเจนQ10วีด้า	9
3300421-นิสชินอิ่มเต็มคัพ รสหมูมะนาวจัดเต็ม 77 กรัม	2
5201515-BสมุดรายงานA4 Tsum Tsum	6
5200005-Bเทปโฟมกาวสองหน้า21มมX50ซม	6
8000291-ขนมปังเนยสดBB	7
3400105-กาแฟ ทรูสเลนคอฟฟีพลัส 3in1 แพ็ค 5 ซอง	0
8000400-เค้กโรลกาแฟหน้าครีมกาแฟBB	7
8000465-ช็อกฯสติ๊กBB	7
6200134-ครัวซองต์แฮมชีส	7
4100199-Hคุกกี้ฟันโอ ช็อกโกชิพส์ 25ก.	4
4102440-Hริทซ์แครกเกอร์ รสช็อกโกแลต 27 กรัม	4
3401027-พิ้งค์กลูต้าคอลลาเจนพรุน 42 มล.	0
1401442-บริ๊งค์ คอลลาเจนเปปไทด์ 12 กรัม	9
3400587-@ขิงผงสำเร็จรูปฮอตต้าสูตร 100% แพ็ค5ซอง	0
0100161-แซนวิชดับเบิ้ลแฮมชีส ตรา7Fresh	1
5200080-Bสมุดรายงาน 25 แผ่น	6
1100187-สุรา  แสงโสม กลม 1L	2
2100299-ชีสเวิร์สท	3
3400362-เนสกาแฟเรดคัพ เอสเปรสโซ่ โรสท์ 80 กรัม	0
0100201-Hพ็อคเก็ตไก่บาร์บีคิว Alfredo	1
0500466-ชานมปั่นออโต้	5
4102338-วาฟเฟิลวอยซ์ดีลักซ์บัตเตอร์ 25 ก.	4
8000695-คอร์นเฟลก แมคคาเดเมีย รสคาราเมล VB	7
8700169-Add Shot	7
3401180-Hชุดของขวัญแบรนด์รังนกรีจูฯไซลิทอล42 มล. พ.6 (2020	1
5204406-Bปากกากดลูกลื่นนง.0.5 Princess DN	6
8000434-ขนมปังทาหน้าเนยSM	7
1401700-โทเมโท คอลลาเจน มิกซ์เบอร์รี่ พลัส 8 กรัม	9
4102144-Hคุกกี้ครีมโอช็อกโกพลัสชาเขียว60ก.	4
0700085-ดับเบิ้ลแฮมและชีสโทสต์แซนวิช	1
4400315-เอเต้ แมคคาดาเมียบริทเทิ้ล (ถ้วย)	8
3300327-ไวไวคัพ เส้นหมี่ รสปรุงรส 60 กรัม	2
4101593-Hมอลคิสท์แครกเกอร์ บาร์บีคิว 36 ก.	4
1401267-แม็ค พลัส แอคทิฟ 2 เม็ด	9
3300467-HMอินโดมี่ หมี่โกเรงแบบแห้งซอง รสไก่มะนาว 80 กรัม	3
5203718-Fancy(นง)ปกเจลจิวเวอร์รี่777	6
3300416-@บะหมี่ชามคุคกิ้งทาวน์ รสผัดฉ่ากุ้ง 60 กรัม	2
8000363-โรลกล้วยหอมบูลเบอรี่GN	7
0200046-หมูยอหมูดี165G.	3
2100362-แพ็คใหญ่ชีสไบท์ 7Fresh	3
1100132-เหล้า เบลนด์285 ซิกเนเจอร์ 0.7L	2
4102563-Hคุกกี้โอกี้ช็อกโกแลต 20ก.	4
0200353-ปูเบนโตะพลัส	3
8700110-โกโก้ปั่น(22 ออนซ์)	7
5203513-Bควอนตั้มปากกาเสก็ต114Candle	6
0501065-อเมริกาโน่น้ำผึ้งเย็นออโต้	5
4400150-คิทแคท โคน	8
5204435-Bตราช้างคัตเตอร์ รุ่น 9 มม. S-904 DHA	6
6200172-ขนมปังหน้าเนยสด	7
6200072-เดนิชซอสเซสโรล	7
2100359-ฮอทดอกซอสมาโย 7Fresh	1
5203431-ควอนตั้มเจลโล่พลัส007แม็กซ์	6
2400158-ขนมจีบกุ้ง	3
4100074-Hสาหร่ายทอดเถ้าแก่น้อยรสเผ็ด 8 ก.	3
5204204-มาสเตอร์อาร์ตดินสอสีเอสซีรี่ย์แท่งสั้น12สี	6
5200364-B ดินสอสีไม้12สีมาสเตอร์อาร์ต	6
5203640-ปากกากดแพ็คคู่ KG	6
4102722-สาหร่ายเถ้าแก่น้อยบิ๊กโรลรสหม่าล่า3ก.	3
1100109-เหล้า เบลนด์285 1L	2
8000327-พายสับปะรด YM	7
3401091-กาแฟทรูสเลน คอฟฟี่พลัสคอลลาเจน แพ็ก5ซอง	0
8700106-คาปูชิโน่ปั่น (22 ออนซ์)	7
4102381-Hแครกเกอร์มิสเตอร์โปเตโต้ฯไก่ทอดสไปซี่22ก	4
3300002-มาม่า รสหมูสับต้มยำ 60 ก.	3
4400021-คอร์นเนตโต รอยัล ช็อกโกเลิฟ	8
3300116-@บะหมี่ไวไวรสหมูย่าง(ชาม) 70 กรัม	2
3400775-กาแฟทรูสเลนคาปูชิโน่ แพ็ค4ซอง	0
8000677-ท๊อฟฟี่เค้ก HB	7
8000690-Cเค้กโรลครีมใบเตยฝอยทอง BB	7
8700011-กาแฟเย็นมอคค่า	7
4100296-Hมินิคุกกี้ ซูโม่ 75 ก.	4
3400571-เนสกาแฟ3in1 เบลนด์แอนด์บรู ริชอโรมา พ.40	0
3400255-กาแฟเนเจอร์กิฟคอฟฟี่ทเวนตี้วันแพ็ค 10 ซอง	0
3400721-เนสกาแฟ3in1 เบลนด์แอนด์บรู อเมริกาโน พ.8	0
1401231-บอดี้เชฟ อีซี่ ดี ท็อกซ์	9
5201393-ตราช้างกรรไกรแฟนซีKID-D	6
1102048-เหล้า เรดเลเบิ้ล 1L	2
4400275-กูลิโกะ ไจแอนท์ โคนคราวน์ มัทฉะ	8
4100434-Hแซนวิชคุกกี้โอรีโอ ครีมสตรอเบอร์รี่ 28.5 ก.	4
1401261-Hหลินจือ พลัส ชิตาเกะ 5 เม็ด	9
3400795-เนสวีต้ารสข้าวกล้องงอกไรซ์เบอร์รี่ แพ็ค4ซอง	0
4400307-แม็กนั่มดับเบิ้ลช็อกโกแลต	8
3400343-กาแฟ 3in1 บิวติสรินพลัส ดี-ทอซี่ แพ็ค5ซอง	0
3400798-สก๊อตคิตซ์ซุปไก่ผสมนมรสช็อกโกแลต 160 มล.	7
6300017-OTOPHกล้วยกรอบรสสาหร่ายบานาน่า 85 ก.	5
5203966-Super Oil Ball 0.7 P2 MG	6
0700163-มันบดและแฮมชีสโทสต์แซนวิช	1
7700051-หนังสือ24Catalogธ.ค.2562	9
1400378-แบนเนอร์ โปรตีน 30 แคปซูล	9
3400991-เนสกาแฟ3in1 เบลนด์แอนด์บรู สูตรไม่มีน้ำตาล พ.9	0
5200034-Bลวดเย็บ MAX NO.10	6
8700137-สโนว์ช็อกโก (22ออนซ์)	7
4102244-Hปลาม้วนปรุงรสหมึกย่าง ทินเท็น เถ้าแก่น้อย 20ก.	3
4400177-แม็กนั่ม ไวท์อัลมอนด์ใหม่	8
5204438-B ดินสอกด Aiko KIAN-DA BCL	6
5204411-Bไม้บรรทัด15ซม. Princess DN	6
5203906-Bควอนตั้มหมึกเจลไดอิ จิ ดอลลี่ 0.5 นง.แพ็ค1 DSA	6
5204458-B ปากกาม้ายูนิคอร์น GD	6
5204128-B ไม้บรรทัด 15cm Minion BCL	6
0200446-เกี๊ยวซ่าซอสหม่าล่าไส้หมู เจดดราก้อน	3
4000827-ลูกอมริโคลารสออริจินัล (กล่อง) 40ก.	3
3401752-ซุปไก่สก๊อตสูตร100% 45 ซีซี	0
3300435-ไวไวชาม รสปรุงสำเร็จ 70 กรัม	2
5202441-B กาวสารพัดประโยชน์UHU 7ml.	6
4102050-คุกกี้ดิวเบอร์รี่ โยเกิร์ตลิ้นจี่ 72ก.	4
5200153-BปากกาเขียนCD2หัวYOYA	6
5203981-Bซองกระดาษกันกระแทก 7X10 นิ้ว P3	6
0700158-แซนวิชเดนิชแฮมเห็ดชีส	1
0200231-ก้ามปูทาราบะ	3
1401651-วิตทูโก สารสกัดใบบัวบก 2 แคปซูล	9
4101584-Hคุกกี้คลาสฯช็อกโกกู๊ดไทม์22.7ก.	4
1401782-พิ้งค์ ไฟเบอร์พลัส 10 กรัม	9
3401182-@ชุดกล่องปีใหม่แบรนด์วีต้าเบอร์รี่ 42 มล.พ.4 (2020	1
4400285-อาคากิ ไวท์ มิลค์ ไอซ์บาร์	8
0500873-ทูโทนมิลค์กี้เย็นออโต้	5
0500875-พิงค์แคนดี้มิลค์กี้เย็นออโต้	5
3400451-เนสกาแฟโกลด์ 35 กรัม	0
5204407-Bปากกากดลูกลื่น4สี Princess DN	6
5200247-ควอนตั้มเจลโล่บอล007	6
4400196-เอเต้ ไทยฟรุ้ต มะม่วง	8
8000390-โรลเค้กวานิลลาฝอยทองSF	7
3300419-นิสชินอิ่มเต็มคัพ รสซุปทะเลน้ำข้น 74 กรัม	2
4400233-กูลิโกะ ไจแอนท์โคน คราวน์	8
3400205-กาแฟ 3in1 เขาช่องรวมรสแพ็ค5ซอง	0
3200420-น้ำผึ้งตราดอยคำ 230 กรัม	0
5200025-Bซองขาวยาว	6
3300230-มาม่าคัพ รสซีฟู้ดส์ ผัดขี้เมาแห้ง 63ก.	2
3400947-@ชุดสก๊อตเพียวเร่เบอร์รี่ 2แถม1	1
3300415-@บะหมี่ชามคุคกิ้งทาวน์ รสผัดขี้เมาทะเล 60 กรัม	2
3300414-@บะหมี่ชามคุคกิ้งทาวน์ รสต้มยำกุ้ง 60 กรัม	2
5200046-Bมีดคัตเตอร์ OK เล็ก	6
5204103-Bปากกาชาร์ปี้ อัลตร้าไฟน์ดำ	6
5200015-Bลิควิดแพ็ค1 ฟรีปากกา JS	6
5203025-Bยางลบดินสอแพ็ค 2 สเต็ดเล่อร์	6
0501114-นมชมพูเย็นออโต้ 22 ออนซ์	5
5204037-Bยางลบ TSUM TSUM แพ็ค2 YOYA	6
5203827-สนูปปี้เจลกดลบได้0.5 M&G	6
4101724-Hคุกกี้คลาสฯช็อกโกชิพกู๊ดไทม์72.	4
1100149-เหล้า โกลเด้นสแต็ก 0.7L	2
5200882-B ปากกาไวท์บอร์ดดำ(Pilot) TD.	6
5201541-ดินสอกด ขนาด0.5มม.Pentel	6
5200345-ปากกาลูกลื่น 3 สี MONK + YAYA	6
0200032-ลูกชิ้นปิ้ง 5 ไม้ ตราอีซี่เทส	3
3100041-อาราบัสพาสฯ เอสเพรสโซ่ 200มล.	5
6200192-โรลไส้กรอกไก่	7
1401809-เจจูวิต้า แอล-กลูกลู พลัส 2 แคปซูล	9
8700122-สตรอเบอร์รี่ บิสกิต ชีส(Strawberry Biscuit Cheese)	7
5200632-สก็อตเทปใส500 3/4*36หลา	6
3401211-Hกาแฟ3in1บิวติสรินชัวร์ แพ็ก 7 ซอง	0
5203988-ปากกาลบคำผิดลิควิดเปเปอร์ 3.5มล.	6
0200069-OTOPไส้อั่ว	3
4400312-Hเอเต้ ปังโบราณ วานิลลา	8
8700156-บลูเบอร์รี่ เลิฟเวอร์ 22ออนซ์  (Blueberry Lover)	7
3400006-เนสกาแฟ 3in1 โพรเทคโพรสลิม แพ็ค 4 ซอง	0
1401220-บริ๊งค์ กลูต้า คอลลาเจน 7 แคปซูล	9
4400326-Hเอเต้ เดอะวัน ดับเบิ้ลช็อกโกแลต	8
8910314-ไฟเบอร์มิกซ์วีด้า	9
4400267-แพดเดิลป๊อป มาร์ชเมลโล	8
0500981-NCคาปูชิโน่เย็นออโต้	5
1400796-โดนัทท์คอลลาเจน4500ม.3ซอง	9
3400454-ดอยคำเห็ดหลินจือสกัดเข้มข้นผสมน้ำผึ้งมะนาว45มล.	0
0501359-สตรอว์เบอร์รี่ฟิซซีโซดาเย็นออโต้	5
1401785-ถั่งเช่า มัลติวิตามิน บี 4 แคปซูล	9
0501021-NCเอสเพรสโซ่เย็นออโต้22ออนซ์	5
5201011-แลนเซอร์929Sน้ำเงิน	6
5204029-AH ปากกาเจลน้ำเงิน Quick Dry KG	6
3300369-นิสชินคัพพรีเมี่ยม รสซุปเกาหลีฮอตแอนด์สไปซี่ 68 ก.	2
3801193-แฮนดี้เฮิร์บ โสมสกัด 65 มล.	0
1401650-มายเวย์ เวย์โปรตีน กลิ่นสตรอเบอร์รี่โยเกิร์ต25กรัม	9
2400189-เปาเผือกลาวา	1
3400642-โอวัลติน3in1 สูตรน้ำตาลน้อย พ.12	0
3401179-Hชุดของขวัญแบรนด์วีต้า 42 มล. แพ็ก 6 (2020)	1
0700148-คร็อกเมอร์ซิเออร์ (แซนวิชแฮมชีสสไตล์ฝรั่งเศส)	1
1100172-เหล้า สเมอร์นอฟ มิดไนท์ แม็กซ์ 0.33L	2
0200127-ก้ามปูเทียมสไตล์ฮอกไกโด	3
0100186-โทสต์แฮมผักโขมอบชีส	1
1401448-พิ้งค์ กลูต้าคอลลาเจน 6 แคปซูล	9
3300426-@บะหมี่ชามคุคกิ้งทาวน์ รสต้มยำกุ้งน้ำข้น 60 กรัม	2
4400317-Hเอเต้ ไทยฟรุ๊ต จัมโบ้ ทุเรียน	8
5200313-B ดินน้ำมัน	6
4400272-เอเชียนดีไลท์ ข้าวโพด	8
3300418-วุ้นเส้นชาม รสสุกี้ทีเด็ด ตรามังกรคู่คริสตัล 90 ก.	2
0700164-แซนวิชครัวซองค์เสี่ยงทาย รสซอลท์เท็ด คาราเมล	1
5200018-Bสีเมจิก (HIGHFLY)	6
1100197-เหล้า เรดเลเบิ้ล พ็อกเก็ต 0.2L	2
0200437-แหนมตุ้มจิ๋วพร้อมทาน ตราสุทธิลักษณ์	3
4400320-วอลล์ โอลาฟ	8
4400295-วอลล์ คาลิปโป เบอร์รี่มิกซ์	8
4400298-กูลิโกะ พาลิตเต้คราวน์ มัทฉะลาเต้	8
0100197-เฟรนซ์โทสต์แซนวิชไส้เบคอนชีส ตราโออิชิ อีทโตะ	1
3400478-ขิงผงสำเร็จรูปฮอตต้าเข้มข้น แพ็ค 14 ซอง	0
3400179-ยี่ซินเห็ดหลินจือสกัดสูตรกลมกล่อม45มล.	0
4100758-Hสาหร่ายย่างม้วนคาบูกิรสปาปริก้า3ก.	3
3400850-เพรียวชาแฟแพ็ค5ซอง	0
3400237-ขิงผงสำเร็จรูปฮอทต้า ขิงต้นตำรับผสมน้ำผึ้งแพ็ค5ซอง	0
3100037-อาราบัสพาสฯ มอคค่า 200มล.	5
3300417-วุ้นเส้นชาม รสเย็นตาโฟ ตรามังกรคู่คริสตัล 85 ก.	2
1103001-บรั่นดี รีเจนซี่ กลม 0.7L	2
3401061-แบรนด์ซุปไก่ We-Like 42 ซีซี	0
4102121-Hคุกกี้อิมพีเรียล รสบัตเตอร์ 30 กรัม	4
5203627-Bสมุด Tsum Tsum คละลาย	6
1400748-แฮนดี้เฮิร์บ โสมสกัด 2 แคปซูล	9
4101645-Hฮับเส็ง ปังกรอบเคลือบน้ำตาล ตราปิงปอง 125ก.	4
3301451-Hเอฟ เอฟ บะหมี่ชาม รสต้มยำ 65 ก.	2
3401152-น้ำตาล LITE SUGAR  20 ซอง	0
5200009-สมุดตราช้างรุ่นคิดส์ 60G 30S	6
0500800-เอสเพรสโซ่ปั่นออโต้22ออนซ์	5
4102623-Hบิสกิตตราบิ๊กมาเรียรสต้นตำรับ48ก.	4
1900161-แกงเขียวหวานลูกชิ้นปลา	3
6200215-อัลมอนด์ทวิส	7
6200183-มินิเบอร์เกอร์ทูน่า	7
3401282-เนสกาแฟ RED CUP ซอง 180 ก.	0
5200282-ปากกาลูกลื่น0.5mm 1031น้ำเงินแพ็ค3	6
5204380-สมุดสันลวดแพ็คคู่ KG	6
3400032-ซุปเปอร์กาแฟ 3in1 แพ็ค 3 ซอง	0
3400222-เพรียวคอฟฟี่สูตรเพรียวพลัส แพ็ค5ซอง	0
1400624-คอลลาเจนเปปไทด์+กลูต้ารสสตรอเบอร์รี่	9
5200026-ซองจดหมายสั้น	6
2400193-เปาช็อกโกแลตลาวา	1
4101265-Hขนมปังกรอบบัตเตอร์งาทอง รสมะพร้าว	4
1401693-หนุย วิท วีอีอาร์ 15กรัม	9
8000778-ขนมเกลียว 100 g MBA	7
6200241-ขนมปังไส้กรอกไก่	7
5200822-B ปากกา Grip X5 คละสี	6
5204203-ปากกาเจลหมึกน้ำมันแพ็ค3 แดงดำน้ำเงิน	6
4102382-Hแครกเกอร์มิสเตอร์โปเตโต้ฯสาหร่าย22ก.	4
0100159-Hนีโอพิซซ่ามินิปูอัดชิลลี่ Alfredo	1
5200331-บิลเงินสดNO2	6
3400849-เพรียวคอฟฟี่มอคค่าแพ็ค5ซอง	0
5200021-Bสมุดปกอ่อน	6
1401675-วิสทร้า โกตูโคลา พลัส ซิงค์ 4 แคปซูล	9
1401070-พรีแอ็คต้า ไฟเบอร์ ดินเนอร์ 15 กรัม	9
4400289-กูลิโกะ ไจแอนท์ โคนมินิ สตรอเบอร์รี่พีนัท	8
5200711-Bปากกาลูกลื่น0.5mm รุ่น1015แพ็ค 3	6
0200110-แหนมเชียงใหม่ ตราป้าย่น	3
0200164-แหนมหนังหมูมินิ เนื้อทิพย์	3
5203963-ปากกาหมึกเจลU-Slim Quick dry 0.5 KIAN-DA	6
5203587-B เทปย่นสี1.5x10หลา	6
3400235-ครีมเทียมข้นหวาน คาร์เนชั่น 2 กิโลกรัม	5
8700337-ชานมไต้หวันไข่มุก (22 Oz.)	7
5200633-แลนเซอร์คลิก878น้ำเงินแพ็ค2	6
5200872-เครื่องเย็บกระดาษMAX HD-10	6
5202888-Bลวดเย็บกระดาษ YOYA NO.10 P2 JS	6
5204242-Disney ไม้บรรทัด 15cm. คละลาย	6
5204078-Bกบเหลาสเต็ดเล่อร์ ลูน่า	6
4400303-คอร์นเนตโต นามะ มัทฉะ ดิสก์	8
5200269-สมุด tsum tsum 9x14 cm.	6
3401373-ชาชงสมุนไพร ฟิตเน่ กลิ่นเก็กฮวย แพ็ค 8 ซอง	0
5200043-Bกรรไกร TD-008	6
1401051-วิตทูโก แคลเซียม 2 แคปซูล	9
1401277-วิตทูโก ซิงก์ 2 แคปซูล	9
5204171-เทปลบคำผิดสเต็ดเล่อร์มินิ	6
5203122-มาสเตอร์อาร์ตดินสอสี 2 หัว 12 สี มาสเตอร์ซีรีย์	6
3400987-เนสกาแฟ อเมริกาโน่ สูตรไม่มีน้ำตาล แพ็ค 9	0
4400167-ฟูตะบะ รามูเนะ โคอะริ	8
5204165-สมุดจดปกคร๊าฟแบบตาราง A5 GRID KIAN-DA	6
4400158-กูลิโกะพาลิเต้ ดาร์กช็อก	8
0500645-น้ำขิงร้อนออโต้	5
0200157-แหนมหูหมู ตราป้าย่น	3
5200184-B ดินสอดำ Black Matt2Bแพ็ค3	6
5202682-Bชุดดินสอไม้2B+ยางลบดำควอนตั้ม	6
5201407-ปากกาลูกลื่นปลอกตราม้าH05	6
4100085-Hแซนวิชคุกกี้ฟันโอ รสนม 45 ก.	4
4101489-Hคางกุ้งทอดกรอบ ต้มยำ โอคุสโน่ 17ก.	4
4101605-ดักแด้อบกรอบ รสดั้งเดิม ไฮโซ 8ก.	4
1900143-ข้าวเหนียว	3
5204397-ยางลบเซ็ท Line Friends BCL	6
4400299-เอเต้ ปังโบราณ ช็อกโกแลต	8
1401835-Hโดนัทท์ คอลลาเจนไตรเปปไทด์HACP 5 กรัม	9
5200708-B ปากกาไวท์บอร์ดสีน้ำเงินSTD	6
2100141-ชไวเวิร์สทชิลลี่	3
0200134-OTOPไส้กรอกอีสานหมู	3
5200040-คลิบดำ#111 ตราม้า(3 ชิ้น)	6
5200031-Bไม้บรรทัด (ตราเครื่องบิน)	6
5203857-Bกระดาษแคนสัน FINE FACE 190G หยาบA4(5แผ่น)	6
4400327-จอยเดย์ ครั้นช์ชี่ ช็อกโกแลต บลูเบอร์รี่	8
5204428-ปากกาเจล Double A 0.5 มม. น้ำเงิน DA	6
2200079-ข้าวเหนียวตับกระเทียม (ตรา อีซี่โก)	3
0800183-เบอร์เกอร์หมูซูเปอร์ชีส	1
3300316-นิสชินซอง ยากิโซบะซอสญี่ปุ่น 60 กรัม	3
4100440-Hแครกเกอร์โรซี่ โฮลวีท 80 ก.	4
1401830-ถั่งเช่าสกัด คอร์ดิเซปส์ วีเนเชอร์ 2 แคปซูล	9
1400908-แฮนดี้เฮิร์บ เอนเนอร์-จี(2 แคปซูล)	9
3300115-@บะหมี่ไวไวรสกระดูกหมูต้มยำ(ชาม)70กรัม	2
0100191-เบอร์ริโต้ไส้กรอกซอสชีส 7Fresh	1
0200445-OTOPน้ำพริกปลาสลิดฟูผัดขี้เมา ตราป้าแว่น	3
5201392-Bสมุดปกคร๊าฟเคียนดะ U-Kraft B5	6
3400880-เนสกาแฟโกลด์คาเฟ่โอเลย์สูตรไม่มีน้ำตาล แพ็ค3ซอง	0
0500614-เอสเพรสโซ่signature	5
0100185-โรลหมูทงคัตสึ 7Fresh	1
3401108-ดาวกาแฟ3in1 รสเอสเปรสโซ่ แพ็ค5ซอง	0
3300278-ไวไวควิกคัพ รสกุ้งนึ่งมะนาว 55 ก.	2
3400210-ซุปไก่สก๊อตสูตร100%75มล.	0
5203584-มาสเตอร์อาร์ตสีน้ำเทมพาร่า5มล.	6
8910915-สายชาร์จไลท์นิ่ง LED รุ่น C2 (คละสี)	7
4400318-Hเอเต้ นัตสึ ส้มยูสุ	8
1401000-แฮนดี้เฮิร์บ ใบแปะก๊วย	9
0501182-อเมริกาโน่น้ำผึ้งร้อนออโต้	5
5200257-Bเทปปิดกล่องสีใส	6
3300425-@บะหมี่ชามคุคกิ้งทาวน์ รสลาบหมู 60 กรัม	2
4101353-Hแครกเกอร์เมจิก สอดไส้ครีมชีส	4
8700138-สโนว์ มอลต์ (22 ออนซ์)	7
6200451-ทาร์ตไข่	7
0500322-กาแฟร้อน Signature	5
4100125-Hบิสชิน บัตเตอร์โคโคนัท ครีมโกโก้ 45 กรัม	4
0500042-มอคค่าปั่นออโต้	5
5200318-Bเทปบาง2หน้า	6
1401276-วิตทูโก โคเอ็นไซม์ คิวเท็น 2 แคปซูล	9
4400316-Hเอเต้ ไทยฟรุ๊ต จัมโบ้ มะม่วง	8
1103002-บรั่นดี รีเจนซี่ แบน 0.35L	2
3400023-ชาชงสมุนไพร ฟิตเน่ รสชาเขียว แพ็ค 8 ซอง	0
3300076-ไวไวคัพรสหมูสับ60กรัม	2
6200460-ซอฟท์คุ้กกี้ ดับเบิ้ลช็อกโกแลต	7
8700356-ช็อกโก คุ๊กกี้ ลาวา	7
6200201-พายสัปปะรด	7
8000032-เค้กส้มแมนดารินBB	7
8700010-กาแฟเย็นคาปูชิโน	7
0501423-ชาดำน้ำผึ้งเย็นออโต้	5
0800184-BURGER ข.อัญชันสเต๊กไก่ซอสแจ่ว	3
2200087-Hไชโป๊ผัดไข่ (ตรา บลูพอท)	3
5204363-เทปลบคำผิดLooneyTunes	6
3400309-ชาชงสมุนไพร ฟิตเน่ กลิ่นดั้งเดิม แพ็ค 10 ซอง	0
3300169-มาม่ารสเห็ดหอมเจซอง 60 กรัม	3
4102481-ท็อปโปรสต้มยำกุ้ง (ซอง) 11 ก.	4
3400030-เนสกาแฟ3in1เบลนด์แอนด์บรู ริช อโรมา พ.27	0
5300053-อาหารเสริมมารีนคอลลาเจนพลัสQ10	9
6200124-ค๊อกเทลไส้กรอกไก่	7
3400698-เนสกาแฟโกลด์เครมมา 35 กรัม	0
1100196-เหล้า แบล็กเลเบิ้ล พ็อกเก็ต 0.2L	2
8700008-กาแฟเย็นอเมริกาโน	7
8000779-ขนมปังไก่หยองไส้น้ำสลัด PS	7
4400260-เมลอน ไอซ์บาร์	8
3300368-นิสชินคัพพรีเมี่ยม รสสไปซี่ทงคตสึ 70 ก.	2
5200356-AH ปากกาเจลลบได้แบบกด KG	6
0800153-Hเบอร์เกอร์สเต๊กไก่พริกไทยดำซอสจิ้มแจ่วCP	1
1100060-เหล้า 100 ไพเพอร์ส 1L	2
5204383-ดินสอไม้ HB One Piece แพ็ค3	6
5200821-Bกบเหลาดินสอเปเปอร์เมทรุ่นจูเนียร์	6
4400262-บราวนี่ ไอซ์บาร์	8
3401098-เนสกาแฟโกลด์เครมมา (ขวดแก้ว) 50ก.	0
3400466-โอวัลตินสมาร์ท3in1 แพ็ค4ซอง	0
5204033-ดินสอสีไม้สั้น 12 สี FSC100%	6
5203579-มาสเตอร์อาร์ตสีเทียนจัมโบ้ 8 สี	6
5204391-ดินสอไม้ HB Line Friends BCL	6
8000002-4ชิ้นมินิชอคบอลAF	7
0500501-มิลค์กี้ซีเรียลปั่นออโต้	5
0100171-Hบิ๊กแอลไก่สไลซ์รมควันและชีส Alfredo	1
2100341-ไส้กรอกทอดรสหมึกย่างสไปซี่ 7Fresh	3
8000466-ช็อกฯสติ๊กเรนโบว์BB	7
8700331-ครีมมี่คาราเมล (22Oz.)	7
3400472-บริ๊งค์คอลลาเจนเบอร์รี่ 42 มล.	0
3400965-@เนสกาแฟ3in1 เบลนด์แอนด์บรู เอสเปรสโซ พ.20	0
5200805-B สเต็ดเล่อร์ชุดพร้อมสอบ	6
0200249-ลูกชิ้นเนื้อปิ้ง ตรานำชัย	3
8000641-เค้กดับเบิ้ลช็อกโกแลตBB	7
3300014-ไวไว รสทรงเครื่อง ซอง 50ก.	3
1401628-บอดี้เชพ แคปซิคัม พลัส 2 แคปซูล	9
8000842-มัฟฟินช็อกโกแลต SF	7
8000789-ขนมปังช็อกโกแลตเลอะ BB	7
2100363-แพ็คใหญ่สโมกกี้ไบท์ 7Fresh	3
5204164-สมุดสันห่วง A5 80แกรม 60แผ่น DA	6
3401176-Hชุดของขวัญสก๊อตซุปไก่100% 45 มล. แพ็ก 6 (2020)	1
3300086-มาม่าหมูสับต้มยำน้ำข้น ซอง 60 กรัม	3
6200202-พายเห็ด	7
8700154-โวเคโน่คิงส์ (22 ออนซ์)	7
0501025-NCอเมริกาโน่เย็นออโต้22ออนซ์	5
3400345-ดอยคำ นมถั่วเหลือง 100% 400 กรัม	0
4000826-ลูกอมริโคลารสมินต์เลมอน(กล่อง) 40ก.	5
8000767-ฮอกไกโดชีสเค้ก PT	7
8000254-ขนมปังไส้เนยสดกลิ่นใบเตยBB	7
8700002-กาแฟร้อนเอสเพรสโซ่	7
3400639-กาแฟเขาช่อง3in1เอสเปรสโซ่ พ.25	0
5201406-ปากกาลูกลื่นกดตราม้าH301	6
8000776-โรลครีมสด (ลายวัว) BB	7
5200280-สมุดฉีก4/100 มีเส้น	6
5200060-ปากกาลบคำผิดกรอส	6
5201341-B สก๊อตซ์กรรไกร3M 7นิ้ว	6
2200076-Hเกาเหลาเนื้อตุ๋น นำชัย	3
0100198-บันหมูหยองแฮม	1
5203138-B UHU STIC กาวแท่ง 8.2g.	6
5203139-UHU กาวน้ำ Glue pen 50 ml.	6
5203526-สมุดฉีกเมืองทอง	6
1401808-เจจูวิต้า คอลลา-ลา พลัส 15 กรัม	9
8644684-@แพ็คคู่หนูหิ่น 20 บ.	6
8000567-โดรายากิไส้ถั่วแดงAF	7
8700025-โกโก้ปั่น	7
5201338-B ตราช้างปากกาลบคำผิด3ML	6
3400406-โกโก้ดัทช์ 3in1 แพ็ค3ซอง	0
8700012-กาแฟเย็นลาเต้	7
3300420-นิสชินอิ่มเต็มคัพ รสทะเลเผาน้ำจิ้มซีฟูด 76 กรัม	2
1100085-เหล้า เบนมอร์ โฟร์คาสก์ 1L	2
8700068-คาราเมล แมคคิอาโต้เย็น	7
5300164-อาหารเสริมไฟเบอร์แลกซ์	9
5200275-ไม้บรรทัดอลูมิเนียม6นิ้ว	6
4100128-Hบิสชิน บัตเตอร์โคโคนัท ครีมส้ม 45กรัม	4
5300125-วิสทร้า วิตามินรวมและแร่ธาตุ	9
1400902-โดนัทท์ คอลลาเจนเปปไทด์ 10000มก.	9
1102033-เหล้า 100ไพเพอร์ส 0.7L	2
3300466-HMอินโดมี่ หมี่โกเรงแบบแห้งซอง รสเผ็ด 80 กรัม	3
3300166-นิสชินชิลลี่ผัดกระเพราแห้งซอง55กรัม	3
5204370-ปากกาเจล 0.5 mm. The Sea KIAN-DA	6
2200084-ราเมนไก่เทอริยากิผัดซอสนาเบะ ตราโออิชิ อีทโตะ	3
8905820-คอลลี่พลัสไลโคพีน	9
8000485-เค้กบัตเตอร์รสช็อกโกแลต BB	7
6200033-มัทฉะถั่ว5สี	7
5203302-Fancy สีดำ01ปกพลัสเพน-3000	6
5200036-เทปผ้า 1นิ้วX2หลา	6
3400720-เนสกาแฟ3in1 เบลนด์แอนด์บรู สูตรน้ำตาลน้อย พ.9	0
4101046-Hแครกเกอร์ วอยซ์รสครีมมี่บัตเตอร์ 64กรัม	4
0800188-Burgerข.ลาบแซลมอน(ผสมไก่)	1
3300209-HMอินโดมี่ หมี่โกเรงแบบแห้งซอง 85 กรัม	3
8700107-มอคค่าปั่น (22 ออนซ์)	7
6200015-เดนิสสับปะรดลูกเกด	7
6200125-เซซามี่ทวิส	7
6200199-พายทูน่า	7
1401071-หลินจือมิน 5 แคปซูล	9
1401776-เพียว คอลลาเจน 4000 มก.	9
8700103-กาแฟเย็นมอคค่า(22 ออนซ์)	7
0501198-NCชานมไต้หวันเย็นออโต้	5
8000766-ขนมปังผสมธัญพืช BB	7
5204371-Bปากกาลูกลื่น0.5น้ำเงิน Pentonic YOYA	6
8000319-พัฟอบกรอบรูปผีเสื้อ BB	7
6200427-เดนิชไส้กรอก SF	7
8914876-สายชาร์จลิขสิทธ์รุ่น ADMC8001(คละแบบ)	9
8000725-อัลมอนด์ทูเล่(คุกกี้ผสมอัลมอนด์แผ่นบาง)MBA	7
5203564-MPปากกาหมึกน้ำมันแพ็ค4KG	6
8000831-ขนมเบื้อง ดี.ไอ.วาย. ไส้เค็ม GN	7
8000832-ขนมเบื้อง ดี.ไอ.วาย. ไส้หวาน GN	7
5204427-ปากกาลูกลื่นสนูปปี้นง. 0.5 M&G	6
5200090-สมุดนักเรียนตัด9 18 แผ่น AP	6
0100160-Hนีโอพิซซ่ามินิซอสเซจเดอะลุกซ์ Alfredo	1
3400990-โอวัลตินโกลด์ 3in1 แพ็ค 13 ซอง	0
5300169-แบนเนอร์ไบ้ร์ท 6 แคปซูล	9
5203633-เทปลบคำผิด ไอมินิ(คละสี)	6
5204211-Bปากกาเจลลบได้ รุ่นU-Raser Kian-Da	6
3400195-สก๊อตคอลลาเจนโอร่า 45 มล.	0
5204361-AH ปากกากดลูกลื่นแฟนซี	6
5203319-Fancy ข.เปลือกถั่ว60ปกพลัสเพน-3000	6
6200098-มิลค์กี้ด๊อก	7
5002086-pโลชั่นกันแดดมิสทินอะควาเบสบอดี้ SPF50 PA+++	9
4102709-@Hคุกกี้คุคิสเอ็นกริมสตรอเบอร์รี่30ก.	4
4400183-ฟูตะบะ ไอซ์ คุกกี้	8
5204016-ปากกาเจลลูกลื่น3in1 4U 0.5mm BS	6
1401250-น้ำมันมะพร้าว ทรอปิคานา 10 แคปซูล	9
1401010-เมล็ดเจีย 12 กรัม	9
3400001-ขิงผงสำเร็จรูปฮอทต้า สูตรเข้มข้น แพ็ค 5 ซอง	0
5300123-วิสทร้า แซลมอนฟิชออยล์ 1000มก.	9
1401649-อาหารเสริมจิ่วเจิ้งปู่เซิน 1 แคปซูล	9
1401828-แบ็คอัพ รสแอปเปิ้ล 15 กรัม	9
5200515-สมุดบิลเงินสดสำเนาในตัว	6
3400435-ขิงผงสำเร็จรูป จินเจนสูตร 100% แพ็ค5ซอง	0
5204043-Bเทปพร้อมที่ตัด OPP 48mmX45y NUVO	6
5200197-Bซองจดหมายสีชมพู	6
8646824-@BLACKPINK Planner+Standy99บ.	6
5204431-สมุดโน๊ตริมลวดคละแบบ GD	6
5204219-ปากกาเจลน้ำ (น้ำเงิน)0.5YOYA	6
5204418-Bปากกาเปเปอร์เมทจิ๊ฟฟี่ P2 แดงน้ำเงิน	6
0100173-ซอสเซจชีสเดนิช	1
5202659-Bปากกาลูกลื่นกดนง.0.5 YOYA	6
0100110-แฮมและผักโขมอบชีสเดนิช	1
6200149-พิซซ่าไส้กรอกไก่	7
6200407-โกลเด้นเอ้ก โมจิ	7
5300171-แบนเนอร์โปรตีน 6 แคปซูล	9
8000306-Cเค้กไข่นมสด BB	7
4400234-กูลิโกะ เซเว่นทีนไอซ์คราว	8
0600048-G ข้าวไข่ข้นลาวา(เบคอน)	7
6200431-เดนิชซอสเซสโรล SF	7
3300223-ไวไวควิก รสกุ้งนึ่งมะนาว 55ก.	3
1401006-หนุย เอสแอลเอ็ม 2 เม็ด	9
1401827-แบ็คอัพ รสมิกซ์เบอร์รี่ 15 กรัม	9
0501085-NCอเมริกาโน่น้ำผึ้งเย็น 22 ออนซ์ออโต้	5
6200426-เดนิชแฮมชีส SF	7
3401046-เพรียวคอฟฟี่นูทริเกนผสมข้าวกล้อง แพ็ก 3 ซอง	0
0500874-บลูสกายมิลค์กี้เย็นออโต้	5
4400205-วอลล์ช็อกโก นัตตี้ครันช์	8
4400172-กูลิโกะ ไจแอนท์ โคน พีนัท	8
1100137-เหล้า เรดเลเบิ้ล 0.5L	2
1401811-Hเวย์โปรตีน รสช็อคโกแลต รอยอล-ดี 30g.	9
6200054-ครัวซองต์ไส้กรอก	7
0501424-ชาดำน้ำผึ้งเย็นออโต้22oz.	5
5200116-Bปากกาลบคำผิดเรย์โนลด์ 3 มล.	6
0501026-NCมัคคิอาโตเย็นออโต้22ออนซ์	5
1100161-เหล้า เรดเลเบิ้ล 0.35L	2
5200252-เทปผ้า36มม.x8หลา	6
0500845-เย็น-All Cafeรีฟิล (22oz.)	5
5202658-Bยางลบดินสอ4Bแพ็ค2 YOYA	6
5203577-ปากกาลูกลื่น0.5YOYA#1068	6
1401091-บีไชน์ มารีน คอลลาเจน เปปไทด์	9
5204271-Bat man ปากกาลูกลื่นนง. 0.38 แพคคู่ M&G	6
4400210-ลอตเต้ ไอซ์ โยเกิร์ต	8
0500966-แก้วแยกเครื่องดื่มallcafe	5
5200650-กระดาษ A4 80g. 40 แผ่น	6
2853110-@คิดจะสู้ อย่าอยู่แค่นี้	9
3400853-กาแฟมอคโคน่าทรีโอโกลด์3in1 พ.20	0
5204231-ปากกา highlight Duo Star KIAN-DA	6
5200738-ควอนตั้มปากกาเซนต์0.5มม.น้ำเงิน	6
3300446-มาม่าเส้นเล็ก รสผัดไทย 67 กรัม	3
0500985-NCชามะนาวเย็นออโต้	5
0500990-NCชานมเย็นออโต้	5
5203927-Bปากกาเจลคละลาย YOYA	6
5200573-สมุดรายงาน A4 70 แกรม AA	6
1401258-เอ็มมิโอ สมูทตี้ 10 กรัม	9
8700136-คุกกี้แอนด์ครีม ( 22 ออนซ์)	7
0501112-ชาพีชเย็นออโต้	5
5204392-ปากกาเจลแถบซิลิโคน Line Friends BCL	6
1400804-วีพลัส ดีท็อกซ์พลัส แคปซูล	9
0200447-เบญจาไก่อบซอสสามรส ตรายูฟาร์ม	3
5201534-Bปากกาเจลน้ำเงินแพ็ค1 JS	6
5200362-B เทป2หน้า1/2X13หลาC	6
5203024-ปากกาลูกลื่น 0.7 มม. น้ำเงิน+ดำ แพ็ค 2 ด้าม	6
5204410-Bปากกาเจลกดลบได้น้ำเงิน Princess DN	6
3401129-โอวัลติน ถุง 300 ก.	0
3401029-เนสกาแฟเรดคัพ ออริจิน ซีเล็คชั่น 45 กรัม	0
8700200-คัดสรรเย็น (22 ออนซ์)	7
5203752-Bดินสอไม้ HB TSUM แพ็ค5JS	6
8000490-ขนมปังกรอบรสเนยBB	7
2100271-แพ็คใหญ่ไส้กรอกไก่หนังกรอบ Super Chef	3
5204395-สมุดโน้ตA6 Line Friends BCL	6
1400986-โดนัทท์ คอลลาเจน เอ็มพลัส 15000 1ซอง	9
3801221-กิ๊ฟต์เซต แฮนดี้เฮิร์บถั่งเช่า พ.3	1
3400815-@กระเช้าแบรนด์สำเร็จรูปแบบที่ 3 (New look)	1
8000044-คุ้กกี้บราวนี่ AF	7
4400169-ลอตเต้ สกูบาร์ สตรอเบอรี่	8
8000835-C ขนมปังไส้ครีมกลิ่นนม BB	7
8000260-ชิฟฟ่อนแยมส้มBB	7
5200027-สมุดวาดเขียนเล็ก	6
5204226-กาวน้ำ YAMATO	6
8000772-เครปโรลฝอยทอง PT	7
5204422-Bปากกาลบได้อเวนเจอร์สคละลาย	6
0500973-NCนมสดร้อนออโต้	5
8700295-ชาพีช (22 ออนซ์)	7
6200359-แซนวิชโฮลวีทหมูหยองไข่ดาว	7
1401770-บริ๊งค์ พลัส คอลลาเจนกลูต้า 7 กรัม	9
4400261-คริสปี้ครั้นซ์ ไอซ์บาร์	8
1400674-ซัน คลาร่า ขนาด 10 เม็ด	9
8000818-ขนมปังไส้ครีมกลิ่นสตรอเบอร์รี่ BB	7
4400308-กูลิโกะ เซเว่นทีนไอซ์  คัสตาร์ดพุดดิ้ง	8
5204265-ดินสอกด 0.5 คละแบบ YOYA	6
3400735-กาแฟมอคโคน่ารอยัลโกลด์ 50 ก.	0
3400598-กาแฟมอคโคน่าทรีโอ 3in1 เอสเปรสโซ่ แพ็ค 40 ซอง	0
0501111-ชาราสป์เบอร์รี่เย็นออโต้	5
8000498-ครองแครงกรอบMBA	7
2100317-เบคอนตราทาคูมิ	3
3400330-กาแฟทรูสเลนคอฟฟี่พลัส 3in1 กล่อง 10ซอง	0
5200154-ปากกาเจลเพนYOYA	6
6200034-ปังไข่ดาว	7
5204232-ปากกา Semi-gel Moonstar นง. KIAN-DA	6
5203320-Fancy ปะการัง58ปกพลัสเพน-3000	6
3400167-ไมโล3in1แพ็ค15ซอง	0
5204228-ปากกาเคมี 2 หัว สีดำ ตราม้า	6
3401106-ดาวกาแฟโกลด์ ขวดแก้ว 30 กรัม	0
5204056-สมุดนักเรียนตัดเก้า 70แกรม 40แผ่น (ลาย Seasonal)	6
8000794-บัวหิมะไส้งาดำSD	7
3300337-Lจั๊บจั๊บ ก๋วยจั๊บอุบลกึ่งสำเร็จรูป 65 กรัม	3
5204388-ลูกลื่นกด4สี 0.7 M&G	6
8641584-@แพ็คขายหัวเราะ+มหาสนุก20บ.	6
5203362-BเทปลบคำผิดYOYA	6
4101608-Hปลาแผ่นฟิชโชสติ๊กรสซุปเปอร์แซบ 13 ก.	3
3400125-สก๊อตรังนกแท้รอเยลโกลด์ไซลิทอล45มล.พ.6	1
8000828-บราวนีอบกรอบรสช็อกโกแลต  MBA	7
5204408-Bดินสอไม้ HB Pack4 Princess DN	6
1100163-เหล้า แบล็คเลเบิ้ล 0.35L	2
0100153-Hแร็ปเอ็นโรล ไก่สไลส์รมควันซอสเทาส์ซัน Alfredo	1
8700353-ลอดช่องนมสดปั่น	7
5204081-Bเครื่องเย็บกระดาษ YOYA	6
8000666-มินิบันไส้กรอกชีสAF	7
3400399-สก๊อตคิตซ์ กลิ่นมิลค์กี้บัตเตอร์ 45 มล.	7
8000586-Cเค้กหน้าเนยกาแฟBB	7
3400799-สก๊อตคิตซ์ซุปไก่ผสมนมกลิ่นเมล่อน 180 มล.	7
8700013-โกโก้เย็น	7
3400380-เนสวีต้า สูตรน้ำตาลน้อย แพ็ค 6 ซอง	0
0500967-NCช็อกโกแลตร้อนออโต้	5
0500977-NCชาเขียวนมมัทฉะร้อนออโต้	5
1401004-ซันเต้ กลูต้า คอลลาเจน พลัส 12กรัม	9
3400365-น้ำตาล Equal Classic แพ็ค 15 ซอง	0
3401177-@ชุดของขวัญสก๊อตรังนก 45 มล. แพ็ก 6 (2020)	1
0200072-แหนมแท่งเล็ก	3
0200059-ลูกชิ้นเนื้ออันเจริญ	3
6200361-แซนวิชโฮลวีททูน่า	7
8000045-คุ้กกี้กาแฟ AF	7
4102548-คุกกี้อิมพีเรียลRed Ruby 200ก._Festive	1
4101742-ดักแด้อบกรอบ รสบาร์บีคิว ไฮโซ 8กรัม	4
5200543-สมุดนักเรียนลายการ์ตูน	6
4102564-Hคุกกี้โอกี้ผสมเรซิ่น 20ก.	4
8000756-แยมโรลลูกพรุนGN	7
5200620-Bเอลเฟ่นเครื่องเย็บกระดาษ	6
0700166-Hตอร์ติญ่าชีส	1
4400173-กูลิโกะ พาแนปป์ เกรป	8
1401275-วิตทูโก วิตามินบีรวม 2 แคปซูล	9
8700105-เอสเพรสโซ่ปั่น(22 ออนซ์)	7
8700112-ชาเขียวปั่น(22 ออนซ์)	7
4100050-Hคุกกี้เดนิสา รสบัสเตอร์(ใหญ่)454กรัม	1
3401190-ชุดของขวัญเนสกาแฟเรดคัพ 200 ก. (2020)	1
1401052-วิตทูโก วิตามินเอ 2 แคปซูล	9
4400170-ลอตเต้ เมโลเนีย	8
2900541-H UHT กิ๊ฟเซตปีใหม่แอนลีน 125 มล.	1
6200059-ไอซ์ซิ่งอัลมอนด์เดนิช	7
3401185-Hชุดของขวัญแบรนด์ซุปไก่ 70 มล. พ.3 (Kumamon)	1
5204415-Bชุดภาพฝนสีเทียน Frozen เสริมทักษะ	6
6200186-เบคอนชีสสติ๊ก	7
8700355-พิ้งกี้ คุ๊กกี้ ลาวา	7
4400314-เอเต้ สตรอเบอร์รี่ชีสเค้ก (ถ้วย)	8
3401099-กาแฟสำเร็จรูปจีเซเว่น (1แถม1) 30 ก.	0
8700054-ชาเขียวนมสด	7
4400297-การิการิ คุง เมล่อน	8
6200388-มิลค์กี้เวย์โมจิ	7
8000056-โดรายากิไส้กล้วยหอมAF	7
1400035-วิสทร้าอะเซโรลาเชอร์รี่ 7 เม็ด	9
5204393-ไม้บรรทัด 15 cm. Line Friends BCL	6
0501084-NCอเมริกาโน่น้ำผึ้งเย็นออโต้	5
0100176-Hแร็พเอ็นโรลไก่สะเต๊ะ Alfredo	1
4102483-ท็อปโปรสสไปซี่บาร์บีคิว (ซอง) 11 ก.	4
3401181-Hชุดของขวัญแบรนด์ซุปไก่ 42 มล. แพ็ก 6 (2020)	1
3400946-@ชุดสก๊อตเพียวเร่พรุน 2แถม1	1
1401660-วิตทูโก สารสกัดเมล็ดองุ่น 2 แคปซูล	9
5201375-Bปากกาเจล U-Click0.5 Kian-da	6
5200908-ซองน้ำตาลKA475	6
5203982-Bซองกระดาษกันกระแทก 10X14 นิ้ว P3	6
5203893-Bซองน้ำตาล 6x9 CTR	6
6200455-อัลมอนด์ครีม ครัวซองต์	7
5300023-ผลิตภัณฑ์เสริมอาหารแบรนด์(ซอง 6 เม็ด)	9
8700035-วิปปิ้งครีม	7
6300269-OTOPปลากรอบเชิญชิม 70 ก.	5
3300067-ไวไวคัพรสต้มยำกุ้ง60กรัม	2
3400471-บริ๊งค์คอลลาเจนพรุน 42 มล.	0
5204442-B ปากกานางเงือก GD	6
5200492-Bสมุดบันทึก B5 70g.AA	6
1400890-สลินน์ บีไชน์ 5 เม็ด	9
0500976-NCชานมร้อนออโต้	5
5204420-Bปากกากึ่งเจล P4 คละลายอเวนเจอร์ส	6
0500979-NCลาเต้เย็นออโต้	5
5201082-ดินสอ2B EXAM 2แท่งฟรียางลบ	6
5203717-Fancy(ดำ)ปกเจลจิวเวอร์รี่777	6
5203719-Fancy(แดง)ปกเจลจิวเวอร์รี่777	6
5204360-ควอนตั้มมาร์ชเมลโล่ 0.29 หมึกน้ำเงิน	6
5203892-BปากกาเจลQuick dry 0.5 สีนง. KIAN-DA	6
5200323-Bเทปโอพีพีชาอ่อน2x45หลา	6
2200083-ปลาผัดขึ้นฉ่าย (ตรา บลูพอท)	3
3401042-เนสกาแฟโกลด์ 50 กรัม (ขวดแก้ว)	0
1401439-บีไชน์ เนเจอร์ซี อะเซโรลา เชอร์รี่ 5 เม็ด	9
5201263-Bดินสอต่อไส้YOYAแพ็ค3	6
0500968-NCลาเต้ร้อนออโต้	5
6200205-พายข้าวโพด	7
4102043-@Hสาหร่ายอบเถ้าแก่น้อยรสวาซาบิ1.65ก.	3
5204386-สมุดมุงหลังคาOne Piece B5 70g. 24s.	6
1400977-ผักอัดเม็ด วีไบโอเวกกี้ 5 เม็ด	9
1401795-มันซ์ อาหารเสริมผู้ชาย 2 แคปซูล	9
4400155-กูลิโกะ ใจแอนท์ โคน คุกกี้	8
1401383-Hเวอรีน่า แอล-กลูต้า บีบี 3 ซอง	9
4400287-อาคากิ เบจ มิลค์ที ไอซ์บาร์	8
8000585-Cเค้กนมสดหน้าเนย BB	7
5204052-สมุดปกคร๊าฟ B5 SW	6
0200070-แหนมหม้อ(เล็ก)	3
1100153-เหล้า โกลเด้นสแต็ค 1L	2
6200358-แซนวิชโฮลวีทไข่ดาวเบคอน	7
8700159-สตรอเบอร์รี่คิส 22ออนซ์( Strawberry Kiss)	7
6200304-คล็อกมูสแฮมพิซซ่า	7
1401807-Hโฟร์ มิกซ์ ออยล์ 6 แคปซูล	9
4400215-เสน่ห์ไทย มะพร้าวสามรส	8
8000330-พายองุ่น YM	7
1400015-เนเจอร์ซี อะเซโรลาเชอร์รี่	9
3400306-@กาแฟมอคโคน่าทรีโอ3in1คาปูชิโน แพ็ค3ซอง	0
3401186-ชุดของขวัญโอวัลตินคลาสสิค (2020)	1
8000093-เค้กกล้วยหอม BB	7
5201545-ปากกาลบคำผิดชนิดด้ามเหล็ก สีน้ำเงิน 4.2 มล.Pentel	6
3400240-ดอยคำมังคุดสกัดเข้มข้น 45 มล.	0
5204396-ปากกาไฮไลท์เซ็ท Line Friends BCL	6
6200043-พาร์มิซานไส้กรอกไก่	7
6200110-เดนิชไส้กรอกไก่	7
5203365-ปากกาลูกลื่น RX5 ด้ามคละสี	6
5200739-ตราช้างแฟ้มซองพลาสติก405A4 BG3	6
5200283-ดินสอกด0.5ด้ามดำFIESTA	6
3401143-โอวัลตินซอยย์ สูตรน้ำเต้าหู้ผง พ.5ซอง(2019)	0
5203525-สมุดปกอ่อนเมืองทอง	6
4400174-กูลิโกะ เซเว่นทีน ไอซ์ คุกกี้	8
8000491-ขนมปังกรอบรสเนยผสมงาดำBB	7
1400410-ยาเม็ดตรางามระหง	9
5200903-ใบมีดคัตเตอร์S-100-45	6
8700141-บัตเตอร์สก๊อตแฟรปเป้ (22 ออนซ์)	7
8700114-ชานมปั่น(22 ออนซ์)	7
5200200-BเทปใสOPP 2*45 หลา	6
1401763-ถั่งเช่า คอร์ดี้-เอส ทูโก 2 แคปซูล	9
8000549-Cเค้กมะพร้าวอ่อนBB	7
1401694-พริกไทยดำสกัด อินเมทต้า 2 แคปซูล	9
5204416-Bสีเทียน12สี ดัมโบ้ Dumbo	6
1102047-เหล้า แบล็กเลเบิ้ล 1L	2
8000470-เค้กช็อคฯโรลขนมปังGN	7
6200102-แซนวิชแฮมชีส	7
5200135-เทปกระดาษกาวย่น 3M	6
5200195-สมุดบิลเงินสด NO.1	6
6200198-ไจแอนท์เบคอนชีสสติ๊ก	7
4400291-เนสท์เล่โมจิมันม่วง	8
5200696-คัตเตอร์22K	6
8000687-กรอบเค็มเปียก MBA	7
3400515-ขิงผงสำเร็จรูปดอยคำ กล่อง 12 ซอง	0
4400245-ลอตเต้ สกูว์ เพาช์	8
8700038-นมร้อน	7
8700348-สตรอเบอร์รี่บ๊วยโซดา	7
3400015-แบรนด์ วีต้าบาลานซ์ 42 ซีซี.	0
5204402-ปากกาRADIUS HAPPYGELL DG	6
1100072-เหล้า บาเลนไทนส์ 1L	2
8000849-10 G.คุ้กกี้มะม่วงหิมพานต์HT	7
5200127-กระดาษถ่ายเอกสาร50แผ่น	6
8700334-เพิ่มไข่มุก	7
8700134-นมสดปั่น (22 ออนซ์)	7
8000684-ไวโอเลตโกลด์ซีเชฟแครกเกอร์ KCG	7
5203990-Bยางลบดินสอชนิดไฮโพลิเมอร์ซอฟท์ขนาดจิ๋ว PT	6
0501023-NCมอคค่าเย็นออโต้22ออนซ์	5
1401440-บีไชน์ มารีน คอลลาเจน เอ็ม ซิงค์ 24.84 กรัม	9
3401184-Hชุดกระเช้าปีใหม่แบรนด์วีต้า 42 มล. 12 ขวด (2020)	1
0500843-เย็นNM-All Cafeรีฟิล (16oz.)	5
8908894-เวททิชชู่เบบี้ไบรท์อโลเวร่าเซรั่ม	9
3200713-@ชุดของขวัญเงาะกระป๋อง ตรามาลี 8.25ออนซ์	1
3401142-โอวัลตินซอยย์ สูตรงาดำและงาขาว พ.5ซอง	0
1102001-เหล้า แบล็กเลเบิ้ล 0.7L	2
0600112-G ข้าวไข่ข้นหมูทงคัตสึ	7
5202058-ปากกาเน้นข้อความจัมโบ้ TD	6
5204376-Bสมุดปกอ่อนA5CircleOf Life	6
5204028-Bไส้ดินสอกดไอน์ STEIN ขนาด 0.5 มม. 12ไส้	6
5204373-ปากกาลูกลื่นน้ำเงิน One Piece 0.38 แพคคู่ M&G	6
5204027-Bดินสอกดข้าง ขนาด 0.5 มม.คละสี	6
5200609-ลูกขนไก่	6
3400238-ดอยคำมัลเบอร์รี่สกัดเข้มข้น 45 มล.	0
5204444-B Rotring วิสุแม็ค0.5มม.พร้อมไส้ดินสอ2B NW	6
0500969-NCมอคค่าร้อนออโต้	5
5201519-ปากกาลูกลื่นแบบกดKQE KG	6
5204437-สมุดปกแข็ง Frozen BCL	6
8000829-คุกกี้สปันจ์ดรอป MBA	7
0500970-NCคาปูชิโน่ร้อนออโต้	5
0100174-Hคาลโซเน่ชิคเก้นสไลด์ชีส	1
8000492-ขนมปังกรอบกระเทียมBB	7
3400887-ใบชาตราสามม้าเบอร์3 80 กรัม	0
5204000-Bปากกาไฮไลท์ชาร์ปี้เคลียร์วิว	6
5204389-ปากกาลูกลื่นยูนิคอน นง. 0.7 แพคคู่ M&G	6
5204379-มาสเตอร์อาร์ตดินสอสี2หัว24สีDHA	6
5201516-B ดินสอสีไม้ TRI COLOR 12 สี สั้น	6
5204074-ปากกาหมึกน้ำมัน 0.7 แพ็คคู่ M&G	6
6200062-ช็อกโกแลตเดนิช	7
8000471-เค้กส้มโรลขนมปังGN	7
5204374-ปากกาเจลกดลบได้น้ำเงิน 0.5 Bat man M&G	6
5204403-ปากกาเน้นข้อความพาสเทลYOYA	6
1401232-เครื่องดื่มใยอาหาร ซีโลส	9
8700135-ดับเบิ้ลช็อค (22 ออนซ์)	7
3400082-เก็กฮวยผงสำเร็จรูป ตราหังโจว แพ็ค 4 ซอง	0
0501027-NCช็อกโกแลตเย็นออโต้22ออนซ์	5
0500896-เย็นNM-AllCafeฮิตาชิ(16oz.)	5
8000364-เมอแรงค์รสช็อกโกแลต BB	7
5204390-สมุดปกคร๊าฟน้ำตาล A5 calendar KIAN-DA	6
4400273-ลอตเต้ ไอซ์ โยเกิร์ต สตรอเบอร์รี่	8
8700304-Iced Sugar Free Caramel Macchiato	7
4400184-ฟูตะบะ มิลค์ช็อคโกแลต	8
8000267-ชิฟฟ่อนแยมบูลฯBB	7
5201569-MPปากกาเจลแพ็คคู่KG	6
1401063-วิสทร้าซิงค์ 7 แคปซูล	9
5204378-ไม้บรรทัดมาเพ็ด 15 ซม. SAKURA	6
5203846-สมุด สพฐ.9/40แผ่น กราฟ 3 เส้นMH	6
8700323-กาแฟร้อนคาปูชิโน่ (12 OZ.)	7
8700161-มัทฉะลาเต้เย็น	7
8000793-บัวหิมะไส้ถั่วแดงSD	7
5204413-Bแฟ้มสอด Princess DN	6
0500980-NCมอคค่าเย็นออโต้	5
5204375-Bสมุดสันห่วงขนาดเล็กAnimal	6
5204432-ชุดเสริมทักษะ ลูกปัดพาสเทล BG	6
5203942-Bยูนิ Signo 0.38 DHA	6
1100164-เหล้า เบลส์ 0.7L	2
1100044-เหล้า ดับเบิ้ลแบล็ก 1L	2
5204356-เทปลบคำผิด 5มม.x6ม. Double A	6
8000679-ไวโอเลตโกลด์นัทเชฟแครกเกอร์ KCG	7
0500989-NCชาเขียวนมมัทฉะเย็นออโต้	5
5204394-กระดาษโน้ตแถบกาว Line Friends BCL	6
8000836-ทาร์ตบราวนี่ PT	7
4400111-เอเต้  ทุเรียน (ถ้วย)	8
4400241-เอเต้ ชูการ์เลส ช็อกโกแลต	8
8700028-ชานมเย็น	7
8700163-มัทฉะลาเต้ปั่น	7
5201526-กาวอเนกประสงค์ 20ml 3M	6
5200007-มาสเตอร์สีน้ำเค็ก	6
4400300-เอเต้ คิมหันต์ มะยมพริกเกลือ	8
1400752-วิสทร้า มารีนคอลลาเจน1300พลัส 7 เม็ด	9
0500982-NCช็อกโกแลตเย็นออโต้	5
1400813-คอลลาเจน10000+อะเซโรล่า+กลูต้ารสมิกซ์เบอร์รี่	9
5204362-ปากกากดลูกลื่นนง.0.5มม.LooneyTunes	6
5204272-Bat man ไฮไลท์ 2 หัว คละสี M&G	6
6200312-ครัวซองต์เนยสด (S) DF	7
3400514-ตะไคร้ผงสำเร็จรูปดอยคำ กล่อง 12 ซอง	0
8700322-กาแฟร้อนลาเต้ (12 OZ.	7
8700352-ซาหริ่มนมสดปั่น	7
8000775-บราวนี่ช็อคชิพ PT	7
1400753-วิสทร้า กลูต้าคอมเพล็กซ์800พลัส7เม็ด	9
6200244-หมูหยองทวิส	7
8641582-@แพ็คคู่สาวดอกไม้20บ.	6
3401183-@ชุดกล่องปีใหม่แบรนด์วีต้าพรุน 42 มล.พ.4 (2020)	1
8000792-บัวหิมะไส้ถั่วSD	7
5204457-B สมุดโน้ตริมลวดเปิดข้าง GD	6
5200193-บัตรรถ	6
1401696-ปราชญา บี โกจิ เจลลี่ 25 กรัม	9
1401631-เลค แคปป์ 3 แคปซูล	9
1100177-เหล้า ซีแกรม รอยัล สแต็ก 1L	2
5204253-ดินสอสามเหลี่ยมHBแพ็ค3  TPT	6
8000357-Cเค้กฝอยทอง BB	7
